archivo,formato,metodo,chars,marcas_juridicas,estado,detalle
C-004-96.rtf,.rtf,striprtf,36750,21,OK,
C-016-98.rtf,.rtf,striprtf,46799,117,OK,
C-029-22.rtf,.rtf,striprtf,155195,90,OK,
C-033-96.rtf,.rtf,striprtf,30611,22,OK,
C-068-99.rtf,.rtf,striprtf,76832,118,OK,
C-081-14.rtf,.rtf,striprtf,49022,45,OK,
C-088-00.rtf,.rtf,striprtf,38745,34,OK,
C-100-19.doc,.doc,libreoffice,42234,63,OK,
C-1008-10.rtf,.rtf,striprtf,70369,86,OK,
C-1123-04.rtf,.rtf,striprtf,36648,59,OK,
C-1141-00.rtf,.rtf,striprtf,77693,30,OK,
C-119-20.docx,.docx,python-docx,190870,143,OK,
C-1194-08.rtf,.rtf,striprtf,39771,99,OK,
C-136-93.rtf,.rtf,striprtf,57700,73,OK,
C-147-97.rtf,.rtf,striprtf,25830,41,OK,
C-150-03.rtf,.rtf,striprtf,460872,177,OK,
C-154-23.docx,.docx,python-docx,96752,75,OK,
C-1641-00.rtf,.rtf,striprtf,81286,53,OK,
C-174-01.rtf,.rtf,striprtf,31355,96,OK,
C-181-05.doc,.doc,libreoffice,46340,56,OK,
C-207-19.docx,.docx,python-docx,379410,590,OK,
C-215-93.rtf,.rtf,striprtf,29464,17,OK,
C-226-09.rtf,.rtf,striprtf,160447,63,OK,
C-227-99.rtf,.rtf,striprtf,63091,26,OK,
C-229-03.rtf,.rtf,striprtf,168408,87,OK,
C-236-14.rtf,.rtf,striprtf,88386,137,OK,
C-248-20.rtf,.rtf,striprtf,196135,122,OK,
C-286-17.rtf,.rtf,striprtf,123266,60,OK,
C-308-17.docx,.docx,python-docx,111959,96,OK,
C-313-13.doc,.doc,libreoffice,153966,81,OK,
C-326-21.rtf,.rtf,striprtf,38366,45,OK,
C-333-96.rtf,.rtf,striprtf,45378,21,OK,
C-343-96.rtf,.rtf,striprtf,36536,28,OK,
C-345-19.rtf,.rtf,striprtf,167136,109,OK,
C-388-08.rtf,.rtf,striprtf,60808,85,OK,
C-399-07.rtf,.rtf,striprtf,47583,57,OK,
C-409-20.rtf,.rtf,striprtf,206655,216,OK,
C-426-23.docx,.docx,python-docx,177431,236,OK,
C-438-17.docx,.docx,python-docx,374128,169,OK,
C-444-09.rtf,.rtf,striprtf,131089,54,OK,
C-460-04.rtf,.rtf,striprtf,93764,55,OK,
C-466-97.rtf,.rtf,striprtf,27445,27,OK,
C-476-07.rtf,.rtf,striprtf,79756,38,OK,
C-478-07.rtf,.rtf,striprtf,41469,44,OK,
C-499-15.rtf,.rtf,striprtf,77375,90,OK,
C-509-14.rtf,.rtf,striprtf,55490,59,OK,
C-517-99.rtf,.rtf,striprtf,62992,83,OK,
C-529-00.rtf,.rtf,striprtf,26553,38,OK,
C-539-10.doc,.doc,libreoffice,84561,91,OK,
C-558-01.rtf,.rtf,striprtf,94687,60,OK,
C-571-17.rtf,.rtf,striprtf,138548,78,OK,
C-573-03.rtf,.rtf,striprtf,57515,31,OK,
C-574-98.rtf,.rtf,striprtf,41250,33,OK,
C-583-15.rtf,.rtf,striprtf,1827006,73,OK,
C-592-12.rtf,.rtf,striprtf,102115,38,OK,
C-598-96.rtf,.rtf,striprtf,14743,39,OK,
C-614-09.rtf,.rtf,striprtf,130032,186,OK,
C-623-99.rtf,.rtf,striprtf,35085,23,OK,
C-628-96.rtf,.rtf,striprtf,25246,17,OK,
C-638-00.rtf,.rtf,striprtf,26336,20,OK,
C-648-02.doc,.doc,libreoffice,42387,49,OK,
C-665-98.rtf,.rtf,striprtf,38545,61,OK,
C-669-15.rtf,.rtf,striprtf,98818,34,OK,
C-670-04.rtf,.rtf,striprtf,135018,219,OK,
C-674-99.rtf,.rtf,striprtf,143185,70,OK,
C-726-09.rtf,.rtf,striprtf,77670,45,OK,
C-749-09.rtf,.rtf,striprtf,106823,37,OK,
C-783-01.rtf,.rtf,striprtf,17591,27,OK,
C-786-04.rtf,.rtf,striprtf,38368,64,OK,
C-830-10.rtf,.rtf,striprtf,201120,65,OK,
C-886-10.rtf,.rtf,striprtf,217435,259,OK,
C-892-01.rtf,.rtf,striprtf,92402,81,OK,
C-909-12.rtf,.rtf,striprtf,156259,56,OK,
C-924-07.rtf,.rtf,striprtf,74477,162,OK,
C-960-07.rtf,.rtf,striprtf,52357,81,OK,
C-964-99.rtf,.rtf,striprtf,93368,58,OK,
C-965-03.rtf,.rtf,striprtf,151961,101,OK,
C-973-02.rtf,.rtf,striprtf,140789,62,OK,
SU-029-24.docx,.docx,python-docx,307408,259,OK,
SU-058-03.rtf,.rtf,striprtf,110121,191,OK,
SU-081-20.docx,.docx,python-docx,499795,376,OK,
SU-088-25.docx,.docx,python-docx,361856,253,OK,
SU-091-00.rtf,.rtf,striprtf,85185,137,OK,
SU-1010-08.rtf,.rtf,striprtf,344208,363,OK,
SU-1070-03.rtf,.rtf,striprtf,96739,181,OK,
SU-116-18.docx,.docx,python-docx,181663,377,OK,
SU-174-07.rtf,.rtf,striprtf,358507,708,OK,
SU-179-21.rtf,.rtf,striprtf,136387,96,OK,
SU-214-16.doc,.doc,libreoffice,863977,1141,OK,
SU-268-19.doc,.doc,libreoffice,115233,147,OK,
SU-335-23.docx,.docx,python-docx,238148,359,OK,
SU-449-20.docx,.docx,python-docx,306067,539,OK,
SU-462-20.rtf,.rtf,striprtf,240464,239,OK,
SU-656-17.rtf,.rtf,striprtf,44637,100,OK,
SU-770-14.rtf,.rtf,striprtf,91520,106,OK,
T-018-11.rtf,.rtf,striprtf,74119,89,OK,
T-018-13.rtf,.rtf,striprtf,44953,55,OK,
T-019-02.rtf,.rtf,striprtf,42828,65,OK,
T-019-13.rtf,.rtf,striprtf,36521,60,OK,
T-022-16.rtf,.rtf,striprtf,59135,69,OK,
T-025-03.rtf,.rtf,striprtf,40425,77,OK,
T-027-10.rtf,.rtf,striprtf,23038,42,OK,
T-027-19.doc,.doc,libreoffice,276538,435,OK,
T-028-10.rtf,.rtf,striprtf,28122,54,OK,
T-029-13.rtf,.rtf,striprtf,48170,67,OK,
T-033-10.rtf,.rtf,striprtf,74498,134,OK,
T-033-18.rtf,.rtf,striprtf,77718,140,OK,
T-034-16.rtf,.rtf,striprtf,29651,36,OK,
T-034-23.rtf,.rtf,striprtf,122877,145,OK,
T-035-06.rtf,.rtf,striprtf,75396,166,OK,
T-038-10.rtf,.rtf,striprtf,21306,47,OK,
T-039-05.rtf,.rtf,striprtf,38276,62,OK,
T-041-24.docx,.docx,python-docx,173360,266,OK,
T-044-24.docx,.docx,python-docx,77202,185,OK,
T-046-00.rtf,.rtf,striprtf,18484,34,OK,
T-049-14.rtf,.rtf,striprtf,39299,33,OK,
T-054-22.rtf,.rtf,striprtf,19616,40,OK,
T-058-09.rtf,.rtf,striprtf,220693,196,OK,
T-058-14.rtf,.rtf,striprtf,32118,46,OK,
T-059-95.rtf,.rtf,striprtf,23374,16,OK,
T-060-12.rtf,.rtf,striprtf,42924,72,OK,
T-063-06.rtf,.rtf,striprtf,57457,91,OK,
T-063-17.rtf,.rtf,striprtf,96873,109,OK,
T-065-15.doc,.doc,libreoffice,70203,112,OK,
T-066-06.rtf,.rtf,striprtf,55513,69,OK,
T-067-10.rtf,.rtf,striprtf,64210,111,OK,
T-069-22.rtf,.rtf,striprtf,114551,125,OK,
T-071-17.doc,.doc,libreoffice,152995,198,OK,
T-075-23.rtf,.rtf,striprtf,59169,78,OK,
T-075-96.rtf,.rtf,striprtf,25040,40,OK,
T-080-15.rtf,.rtf,striprtf,277131,128,OK,
T-089-05.rtf,.rtf,striprtf,28267,69,OK,
T-092-93.rtf,.rtf,striprtf,40564,40,OK,
T-093-14.rtf,.rtf,striprtf,44901,62,OK,
T-093-15.rtf,.rtf,striprtf,41098,69,OK,
T-093-23.docx,.docx,python-docx,206382,167,OK,
T-099-05.rtf,.rtf,striprtf,39301,85,OK,
T-1006-06.rtf,.rtf,striprtf,45759,79,OK,
T-1008-05.rtf,.rtf,striprtf,40020,87,OK,
T-101-24.docx,.docx,python-docx,68029,113,OK,
T-1016-99.rtf,.rtf,striprtf,65014,44,OK,
T-1018-05.rtf,.rtf,striprtf,45190,57,OK,
T-1025-00.rtf,.rtf,striprtf,16129,12,OK,
T-1025-10.rtf,.rtf,striprtf,63068,83,OK,
T-1026-03.rtf,.rtf,striprtf,38640,87,OK,
T-1026-12.rtf,.rtf,striprtf,81587,129,OK,
T-1038-04.rtf,.rtf,striprtf,37982,40,OK,
T-1046-10.rtf,.rtf,striprtf,62942,112,OK,
T-1063-06.rtf,.rtf,striprtf,46003,61,OK,
T-107-14.rtf,.rtf,striprtf,89354,144,OK,
T-107-93.rtf,.rtf,striprtf,13906,35,OK,
T-108-19.doc,.doc,libreoffice,38330,75,OK,
T-1081-08.rtf,.rtf,striprtf,19792,56,OK,
T-1091-08.rtf,.rtf,striprtf,30357,39,OK,
T-1136-00.rtf,.rtf,striprtf,20588,51,OK,
T-115-23.rtf,.rtf,striprtf,60810,60,OK,
T-1160-01.rtf,.rtf,striprtf,20099,28,OK,
T-117-11.rtf,.rtf,striprtf,26778,64,OK,
T-117-97.rtf,.rtf,striprtf,26698,65,OK,
T-1199-00.rtf,.rtf,striprtf,24347,35,OK,
T-1204-01.rtf,.rtf,striprtf,146715,171,OK,
T-1205-01.rtf,.rtf,striprtf,70068,86,OK,
T-1205-04.rtf,.rtf,striprtf,36321,47,OK,
T-1212-04.rtf,.rtf,striprtf,85078,145,OK,
T-1224-08.rtf,.rtf,striprtf,29579,29,OK,
T-1225-01.rtf,.rtf,striprtf,31699,49,OK,
T-1252-05.rtf,.rtf,striprtf,37505,70,OK,
T-1273-05.rtf,.rtf,striprtf,18053,37,OK,
T-1276-05.rtf,.rtf,striprtf,44495,61,OK,
T-131-21.rtf,.rtf,striprtf,139167,318,OK,
T-131-22.rtf,.rtf,striprtf,79103,125,OK,
T-1318-05.rtf,.rtf,striprtf,83083,84,OK,
T-132-11.rtf,.rtf,striprtf,69553,118,OK,
T-1322-00.rtf,.rtf,striprtf,31239,36,OK,
T-1327-01.rtf,.rtf,striprtf,27261,64,OK,
T-1331-01.rtf,.rtf,striprtf,38659,77,OK,
T-1335-01.rtf,.rtf,striprtf,24427,48,OK,
T-1352-00.rtf,.rtf,striprtf,24492,71,OK,
T-1384-00.rtf,.rtf,striprtf,33226,29,OK,
T-140-15.rtf,.rtf,striprtf,79498,44,OK,
T-140-22.rtf,.rtf,striprtf,105811,191,OK,
T-141-03.rtf,.rtf,striprtf,40195,54,OK,
T-1467-00.rtf,.rtf,striprtf,15861,25,OK,
T-1468-00.rtf,.rtf,striprtf,17662,19,OK,
T-154A-95.rtf,.rtf,striprtf,27545,28,OK,
T-158-95.rtf,.rtf,striprtf,19659,29,OK,
T-159-00.rtf,.rtf,striprtf,23008,43,OK,
T-160-10.rtf,.rtf,striprtf,57102,134,OK,
T-1613-00.rtf,.rtf,striprtf,16563,28,OK,
T-163-14.rtf,.rtf,striprtf,37667,29,OK,
T-164-12.rtf,.rtf,striprtf,84091,134,OK,
T-173-22.rtf,.rtf,striprtf,108691,133,OK,
T-176-05.rtf,.rtf,striprtf,27025,89,OK,
T-179-04.rtf,.rtf,striprtf,22749,44,OK,
T-180A-17.docx,.docx,python-docx,97937,77,OK,
T-189-13.rtf,.rtf,striprtf,52802,52,OK,
T-191-03.rtf,.rtf,striprtf,7947,17,OK,
T-196-07.rtf,.rtf,striprtf,59093,142,OK,
T-197-07.rtf,.rtf,striprtf,156694,293,OK,
T-198-03.rtf,.rtf,striprtf,35957,67,OK,
T-198-19.docx,.docx,python-docx,167446,264,OK,
T-198-93.rtf,.rtf,striprtf,36655,40,OK,
T-203-08.rtf,.rtf,striprtf,34537,48,OK,
T-204-09.rtf,.rtf,striprtf,51260,71,OK,
T-212-93.rtf,.rtf,striprtf,16915,33,OK,
T-218-07.rtf,.rtf,striprtf,37034,57,OK,
T-221-10.rtf,.rtf,striprtf,44281,59,OK,
T-222-04.rtf,.rtf,striprtf,59129,113,OK,
T-227-07.rtf,.rtf,striprtf,41866,84,OK,
T-228-25.docx,.docx,python-docx,173504,194,OK,
T-229-16.rtf,.rtf,striprtf,157818,194,OK,
T-231-07.rtf,.rtf,striprtf,66953,92,OK,
T-232-99.rtf,.rtf,striprtf,28116,86,OK,
T-241-13.rtf,.rtf,striprtf,63649,168,OK,
T-243-19.docx,.docx,python-docx,76089,128,OK,
T-244-07.rtf,.rtf,striprtf,112054,178,OK,
T-250-14.rtf,.rtf,striprtf,35254,63,OK,
T-259-10.rtf,.rtf,striprtf,23514,29,OK,
T-262-07.rtf,.rtf,striprtf,42777,68,OK,
T-263-04.rtf,.rtf,striprtf,21471,43,OK,
T-266-08.rtf,.rtf,striprtf,40066,85,OK,
T-268-13.rtf,.rtf,striprtf,84865,158,OK,
T-269-06.rtf,.rtf,striprtf,48637,68,OK,
T-271-02.rtf,.rtf,striprtf,18200,38,OK,
T-271-06.rtf,.rtf,striprtf,59015,86,OK,
T-271-07.rtf,.rtf,striprtf,43963,84,OK,
T-275-00.rtf,.rtf,striprtf,13036,30,OK,
T-279-16.rtf,.rtf,striprtf,60972,128,OK,
T-280-03.rtf,.rtf,striprtf,61151,109,OK,
T-283-01.rtf,.rtf,striprtf,46652,40,OK,
T-289-03.rtf,.rtf,striprtf,78188,145,OK,
T-289-97.rtf,.rtf,striprtf,32406,56,OK,
T-291-23.rtf,.rtf,striprtf,89533,67,OK,
T-294-99.rtf,.rtf,striprtf,36605,65,OK,
T-295-94.rtf,.rtf,striprtf,44571,68,OK,
T-296-07.rtf,.rtf,striprtf,23338,60,OK,
T-299-13.rtf,.rtf,striprtf,49042,29,OK,
T-301-06.rtf,.rtf,striprtf,15133,42,OK,
T-309-06.rtf,.rtf,striprtf,35282,71,OK,
T-309-16.rtf,.rtf,striprtf,165701,158,OK,
T-311-16.rtf,.rtf,striprtf,77346,54,OK,
T-315-06.rtf,.rtf,striprtf,37955,46,OK,
T-317-01.rtf,.rtf,striprtf,19263,32,OK,
T-324-13.rtf,.rtf,striprtf,60889,95,OK,
T-328-09.rtf,.rtf,striprtf,45633,72,OK,
T-330A-12.rtf,.rtf,striprtf,29586,52,OK,
T-331-24.docx,.docx,python-docx,90390,198,OK,
T-332-94.rtf,.rtf,striprtf,26505,34,OK,
T-333-11.rtf,.rtf,striprtf,70363,58,OK,
T-334-01.rtf,.rtf,striprtf,20758,31,OK,
T-340-15.rtf,.rtf,striprtf,72191,120,OK,
T-340-94.rtf,.rtf,striprtf,14535,42,OK,
T-342-13.rtf,.rtf,striprtf,41245,72,OK,
T-348-10.rtf,.rtf,striprtf,49105,64,OK,
T-350-22.rtf,.rtf,striprtf,76370,76,OK,
T-351-97.rtf,.rtf,striprtf,35014,51,OK,
T-353-08.rtf,.rtf,striprtf,18797,25,OK,
T-354-19.docx,.docx,python-docx,158977,249,OK,
T-355-18.docx,.docx,python-docx,51169,71,OK,
T-356-98.rtf,.rtf,striprtf,10875,28,OK,
T-358-07.doc,.doc,libreoffice,106995,70,OK,
T-358-10.rtf,.rtf,striprtf,24786,40,OK,
T-367-09.rtf,.rtf,striprtf,101048,106,OK,
T-383-18.doc,.doc,libreoffice,61683,66,OK,
T-396-96.rtf,.rtf,striprtf,14180,14,OK,
T-398-14.rtf,.rtf,striprtf,62367,80,OK,
T-403-94.rtf,.rtf,striprtf,32634,48,OK,
T-404-93.rtf,.rtf,striprtf,39583,95,OK,
T-406-96.rtf,.rtf,striprtf,37324,58,OK,
T-407-07.rtf,.rtf,striprtf,44958,83,OK,
T-419-09.rtf,.rtf,striprtf,39539,71,OK,
T-423-92.rtf,.rtf,striprtf,21636,34,OK,
T-427-07.rtf,.rtf,striprtf,93455,190,OK,
T-427-14.rtf,.rtf,striprtf,67517,151,OK,
T-433-16.rtf,.rtf,striprtf,212143,76,OK,
T-435-94.rtf,.rtf,striprtf,70101,83,OK,
T-439-04.rtf,.rtf,striprtf,37078,52,OK,
T-441-10.rtf,.rtf,striprtf,68442,57,OK,
T-442-14.rtf,.rtf,striprtf,171599,221,OK,
T-442-98.rtf,.rtf,striprtf,24377,29,OK,
T-443-08.rtf,.rtf,striprtf,83321,116,OK,
T-446-07.rtf,.rtf,striprtf,232428,266,OK,
T-451-97.rtf,.rtf,striprtf,18444,35,OK,
T-453-15.rtf,.rtf,striprtf,71906,70,OK,
T-454-17.rtf,.rtf,striprtf,80178,114,OK,
T-456-05.rtf,.rtf,striprtf,95424,66,OK,
T-456-11.rtf,.rtf,striprtf,43419,84,OK,
T-457-92.rtf,.rtf,striprtf,42798,22,OK,
T-461-97.rtf,.rtf,striprtf,14909,30,OK,
T-466-11.rtf,.rtf,striprtf,158961,191,OK,
T-468-94.rtf,.rtf,striprtf,30123,13,OK,
T-471-11.rtf,.rtf,striprtf,43442,32,OK,
T-471-96.rtf,.rtf,striprtf,18035,32,OK,
T-473-08.rtf,.rtf,striprtf,175476,122,OK,
T-476-98.rtf,.rtf,striprtf,104108,105,OK,
T-477-14.docx,.docx,python-docx,111707,96,OK,
T-481-00.rtf,.rtf,striprtf,47489,67,OK,
T-481-07.rtf,.rtf,striprtf,25448,68,OK,
T-482-20.rtf,.rtf,striprtf,114667,186,OK,
T-485-01.rtf,.rtf,striprtf,18421,35,OK,
T-486-19.docx,.docx,python-docx,87431,97,OK,
T-490-25.docx,.docx,python-docx,74606,104,OK,
T-496-12.rtf,.rtf,striprtf,50870,51,OK,
T-496-92.rtf,.rtf,striprtf,62496,69,OK,
T-499-94.rtf,.rtf,striprtf,20507,31,OK,
T-502-08.rtf,.rtf,striprtf,35571,51,OK,
T-505-04.rtf,.rtf,striprtf,73228,67,OK,
T-511-93.rtf,.rtf,striprtf,34250,52,OK,
T-512-05.rtf,.rtf,striprtf,30572,40,OK,
T-514-10.rtf,.rtf,striprtf,61723,99,OK,
T-525-10.rtf,.rtf,striprtf,93219,106,OK,
T-531-07.rtf,.rtf,striprtf,25859,30,OK,
T-533-24.docx,.docx,python-docx,75489,68,OK,
T-534-94.rtf,.rtf,striprtf,15530,27,OK,
T-537-09.rtf,.rtf,striprtf,76841,180,OK,
T-544-03.rtf,.rtf,striprtf,19993,24,OK,
T-546-09.rtf,.rtf,striprtf,68571,53,OK,
T-559-95.rtf,.rtf,striprtf,24500,18,OK,
T-560-05.rtf,.rtf,striprtf,159080,132,OK,
T-561-01.rtf,.rtf,striprtf,18151,46,OK,
T-564-05.rtf,.rtf,striprtf,27091,40,OK,
T-568-15.rtf,.rtf,striprtf,95375,130,OK,
T-575-10.rtf,.rtf,striprtf,26437,69,OK,
T-583-13.rtf,.rtf,striprtf,56717,46,OK,
T-585-06.rtf,.rtf,striprtf,173827,52,OK,
T-586-06.rtf,.rtf,striprtf,41154,93,OK,
T-587-03.rtf,.rtf,striprtf,67862,95,OK,
T-591-17.docx,.docx,python-docx,171233,334,OK,
T-601-06.rtf,.rtf,striprtf,49646,102,OK,
T-601-95.rtf,.rtf,striprtf,21471,32,OK,
T-604-17.rtf,.rtf,striprtf,21841,51,OK,
T-605-95.rtf,.rtf,striprtf,19596,75,OK,
T-609-05.rtf,.rtf,striprtf,73650,178,OK,
T-614-08.rtf,.rtf,striprtf,20646,53,OK,
T-620-13.rtf,.rtf,striprtf,160081,162,OK,
T-621-02.rtf,.rtf,striprtf,125711,166,OK,
T-621-05.rtf,.rtf,striprtf,85115,166,OK,
T-624-02.rtf,.rtf,striprtf,85531,135,OK,
T-629-10.rtf,.rtf,striprtf,310072,180,OK,
T-635-09.rtf,.rtf,striprtf,133100,290,OK,
T-639-03.rtf,.rtf,striprtf,42903,62,OK,
T-641-97.rtf,.rtf,striprtf,35401,48,OK,
T-642-15.rtf,.rtf,striprtf,108512,100,OK,
T-643-10.rtf,.rtf,striprtf,58751,90,OK,
T-653-13.rtf,.rtf,striprtf,79674,90,OK,
T-657-12.rtf,.rtf,striprtf,45110,103,OK,
T-660-12.rtf,.rtf,striprtf,42346,88,OK,
T-674-97.rtf,.rtf,striprtf,12313,31,OK,
T-678-02.rtf,.rtf,striprtf,25419,32,OK,
T-679-17.docx,.docx,python-docx,116496,199,OK,
T-680-97.rtf,.rtf,striprtf,18130,39,OK,
T-681-10.rtf,.rtf,striprtf,65430,132,OK,
T-693-04.rtf,.rtf,striprtf,29699,16,OK,
T-694-10.rtf,.rtf,striprtf,73636,124,OK,
T-702-04.rtf,.rtf,striprtf,35000,96,OK,
T-702-96.rtf,.rtf,striprtf,11657,31,OK,
T-706-06.rtf,.rtf,striprtf,35014,80,OK,
T-709-17.docx,.docx,python-docx,82428,70,OK,
T-711-11.rtf,.rtf,striprtf,16191,22,OK,
T-712-04.rtf,.rtf,striprtf,28497,55,OK,
T-717-10.rtf,.rtf,striprtf,134484,97,OK,
T-726-10.rtf,.rtf,striprtf,102615,101,OK,
T-730-02.rtf,.rtf,striprtf,25777,19,OK,
T-733-13.rtf,.rtf,striprtf,85107,145,OK,
T-735-98.rtf,.rtf,striprtf,50475,45,OK,
T-739-99.rtf,.rtf,striprtf,31455,39,OK,
T-744-11.rtf,.rtf,striprtf,52507,60,OK,
T-749-04.rtf,.rtf,striprtf,60716,117,OK,
T-751-12.rtf,.rtf,striprtf,55128,102,OK,
T-761-11.rtf,.rtf,striprtf,87598,73,OK,
T-761-15.rtf,.rtf,striprtf,103118,59,OK,
T-763-06.rtf,.rtf,striprtf,48924,37,OK,
T-769-05.rtf,.rtf,striprtf,70815,113,OK,
T-775-04.rtf,.rtf,striprtf,45439,82,OK,
T-775-11.rtf,.rtf,striprtf,41563,84,OK,
T-790-10.rtf,.rtf,striprtf,122260,141,OK,
T-793-03.rtf,.rtf,striprtf,34850,48,OK,
T-795-98.rtf,.rtf,striprtf,36761,50,OK,
T-796-07.rtf,.rtf,striprtf,46681,71,OK,
T-796-09.rtf,.rtf,striprtf,36194,75,OK,
T-815-06.rtf,.rtf,striprtf,67942,167,OK,
T-819-02.rtf,.rtf,striprtf,51406,76,OK,
T-833-00.rtf,.rtf,striprtf,20897,47,OK,
T-847-11.rtf,.rtf,striprtf,43162,30,OK,
T-854-06.rtf,.rtf,striprtf,39076,74,OK,
T-855-12.rtf,.rtf,striprtf,60090,89,OK,
T-857-10.rtf,.rtf,striprtf,71809,72,OK,
T-873-00.rtf,.rtf,striprtf,22801,45,OK,
T-881-02.rtf,.rtf,striprtf,120539,105,OK,
T-897-07.rtf,.rtf,striprtf,25754,38,OK,
T-900-08.rtf,.rtf,striprtf,40546,88,OK,
T-901-02.rtf,.rtf,striprtf,73039,50,OK,
T-902-13.rtf,.rtf,striprtf,100337,137,OK,
T-908-12.rtf,.rtf,striprtf,388120,118,OK,
T-910-09.rtf,.rtf,striprtf,71477,126,OK,
T-919-14.doc,.doc,libreoffice,57841,91,OK,
T-922-02.rtf,.rtf,striprtf,41996,59,OK,
T-922-03.rtf,.rtf,striprtf,20688,39,OK,
T-923-06.rtf,.rtf,striprtf,28392,59,OK,
T-928-11.rtf,.rtf,striprtf,60670,41,OK,
T-937-08.rtf,.rtf,striprtf,27079,62,OK,
T-943-05.rtf,.rtf,striprtf,49633,54,OK,
T-958-11.rtf,.rtf,striprtf,88957,70,OK,
T-971-01.rtf,.rtf,striprtf,71468,97,OK,
T-972-07.rtf,.rtf,striprtf,62344,110,OK,
T-974-03.rtf,.rtf,striprtf,162628,115,OK,
T-978-04.rtf,.rtf,striprtf,34730,54,OK,
T-987-12.doc,.doc,libreoffice,150746,48,OK,
T-989A-05.rtf,.rtf,striprtf,31355,28,OK,
T-992-03.rtf,.rtf,striprtf,29697,40,OK,
T-992-05.rtf,.rtf,striprtf,35415,84,OK,
