ID_Pregunta,Sistema,Consistencia_Silogistica,Fidelidad_Juridica,Complejidad,Experto
1,Agente_CoT_CoV,5,4,5,Aristizabal
1,Agente_CoT_CoV,5,4,5,Franco
1,Agente_CoT_CoV,5,5,4,Gonzalez
1,RAG_Base,3,4,3,Aristizabal
1,RAG_Base,2,4,2,Franco
1,RAG_Base,3,4,3,Gonzalez
2,Agente_CoT_CoV,4,4,4,Aristizabal
2,Agente_CoT_CoV,4,4,4,Franco
2,Agente_CoT_CoV,5,4,4,Gonzalez
2,RAG_Base,1,1,1,Gonzalez
3,Agente_CoT_CoV,5,4,4,Aristizabal
3,Agente_CoT_CoV,5,4,4,Franco
3,Agente_CoT_CoV,5,4,4,Gonzalez
3,RAG_Base,3,4,3,Aristizabal
3,RAG_Base,3,4,3,Franco
3,RAG_Base,4,4,3,Gonzalez
4,Agente_CoT_CoV,3,4,2,Aristizabal
4,Agente_CoT_CoV,3,4,1,Franco
4,Agente_CoT_CoV,2,1,1,Gonzalez
4,RAG_Base,1,1,1,Gonzalez
5,Agente_CoT_CoV,5,4,3,Aristizabal
5,Agente_CoT_CoV,5,4,3,Franco
5,Agente_CoT_CoV,5,5,3,Gonzalez
5,RAG_Base,3,4,3,Aristizabal
5,RAG_Base,3,4,3,Franco
5,RAG_Base,4,5,3,Gonzalez
6,Agente_CoT_CoV,4,4,4,Aristizabal
6,Agente_CoT_CoV,4,4,4,Franco
6,Agente_CoT_CoV,5,5,4,Gonzalez
6,RAG_Base,3,4,3,Aristizabal
6,RAG_Base,2,4,3,Franco
6,RAG_Base,3,4,4,Gonzalez
7,Agente_CoT_CoV,4,4,3,Aristizabal
7,Agente_CoT_CoV,4,4,3,Franco
7,Agente_CoT_CoV,5,4,2,Gonzalez
7,RAG_Base,3,4,2,Aristizabal
7,RAG_Base,3,4,2,Franco
7,RAG_Base,4,4,2,Gonzalez
8,Agente_CoT_CoV,4,3,3,Aristizabal
8,Agente_CoT_CoV,4,3,3,Franco
8,Agente_CoT_CoV,4,5,3,Gonzalez
8,RAG_Base,2,3,2,Aristizabal
8,RAG_Base,2,3,2,Franco
8,RAG_Base,4,4,2,Gonzalez
9,Agente_CoT_CoV,4,4,3,Aristizabal
9,Agente_CoT_CoV,4,4,3,Franco
9,Agente_CoT_CoV,2,1,1,Gonzalez
9,RAG_Base,2,4,2,Aristizabal
9,RAG_Base,2,4,2,Franco
9,RAG_Base,1,1,1,Gonzalez
10,Agente_CoT_CoV,4,4,3,Aristizabal
10,Agente_CoT_CoV,4,4,3,Franco
10,Agente_CoT_CoV,2,1,1,Gonzalez
10,RAG_Base,1,1,1,Gonzalez
11,Agente_CoT_CoV,4,4,3,Aristizabal
11,Agente_CoT_CoV,4,4,3,Franco
11,Agente_CoT_CoV,2,2,2,Gonzalez
11,RAG_Base,1,1,1,Gonzalez
12,Agente_CoT_CoV,4,4,3,Aristizabal
12,Agente_CoT_CoV,4,4,3,Franco
12,Agente_CoT_CoV,5,5,3,Gonzalez
12,RAG_Base,3,4,3,Aristizabal
12,RAG_Base,3,4,3,Franco
12,RAG_Base,3,4,3,Gonzalez
13,Agente_CoT_CoV,3,3,3,Aristizabal
13,Agente_CoT_CoV,3,3,3,Franco
13,Agente_CoT_CoV,4,4,3,Gonzalez
13,RAG_Base,1,1,1,Gonzalez
14,Agente_CoT_CoV,4,4,3,Aristizabal
14,Agente_CoT_CoV,4,4,3,Franco
14,Agente_CoT_CoV,5,5,3,Gonzalez
14,RAG_Base,3,4,2,Aristizabal
14,RAG_Base,3,4,2,Franco
14,RAG_Base,3,4,2,Gonzalez
15,Agente_CoT_CoV,4,4,4,Aristizabal
15,Agente_CoT_CoV,4,4,4,Franco
15,Agente_CoT_CoV,5,5,4,Gonzalez
15,RAG_Base,3,4,3,Aristizabal
15,RAG_Base,3,4,3,Franco
15,RAG_Base,4,4,3,Gonzalez
16,Agente_CoT_CoV,4,4,3,Aristizabal
16,Agente_CoT_CoV,4,4,3,Franco
16,Agente_CoT_CoV,4,4,3,Gonzalez
16,RAG_Base,1,1,1,Gonzalez
17,Agente_CoT_CoV,4,4,3,Aristizabal
17,Agente_CoT_CoV,4,4,3,Franco
17,Agente_CoT_CoV,5,4,4,Gonzalez
17,RAG_Base,3,4,3,Aristizabal
17,RAG_Base,3,4,3,Franco
17,RAG_Base,4,4,3,Gonzalez
18,Agente_CoT_CoV,4,3,3,Aristizabal
18,Agente_CoT_CoV,4,3,3,Franco
18,Agente_CoT_CoV,4,4,3,Gonzalez
18,RAG_Base,1,1,1,Gonzalez
19,Agente_CoT_CoV,4,3,4,Aristizabal
19,Agente_CoT_CoV,4,3,4,Franco
19,Agente_CoT_CoV,5,5,4,Gonzalez
19,RAG_Base,2,3,3,Aristizabal
19,RAG_Base,2,3,3,Franco
19,RAG_Base,4,4,3,Gonzalez
20,Agente_CoT_CoV,4,4,4,Aristizabal
20,Agente_CoT_CoV,4,4,4,Franco
20,Agente_CoT_CoV,5,5,4,Gonzalez
20,RAG_Base,3,4,3,Aristizabal
20,RAG_Base,3,4,3,Franco
20,RAG_Base,3,4,3,Gonzalez
21,Agente_CoT_CoV,5,4,5,Aristizabal
21,Agente_CoT_CoV,5,4,5,Franco
21,Agente_CoT_CoV,5,5,4,Gonzalez
21,RAG_Base,3,4,3,Aristizabal
21,RAG_Base,3,4,3,Franco
21,RAG_Base,2,3,3,Gonzalez
22,Agente_CoT_CoV,5,4,4,Aristizabal
22,Agente_CoT_CoV,5,4,4,Franco
22,Agente_CoT_CoV,4,4,3,Gonzalez
22,RAG_Base,1,1,1,Gonzalez
23,Agente_CoT_CoV,4,4,3,Aristizabal
23,Agente_CoT_CoV,4,4,3,Franco
23,Agente_CoT_CoV,4,4,3,Gonzalez
23,RAG_Base,1,1,1,Gonzalez
24,Agente_CoT_CoV,5,5,2,Aristizabal
24,Agente_CoT_CoV,5,5,2,Franco
24,Agente_CoT_CoV,5,5,3,Gonzalez
24,RAG_Base,4,5,2,Aristizabal
24,RAG_Base,4,5,2,Franco
24,RAG_Base,4,4,2,Gonzalez
25,Agente_CoT_CoV,4,4,3,Gonzalez
25,RAG_Base,2,4,3,Aristizabal
25,RAG_Base,2,4,3,Franco
25,RAG_Base,2,3,2,Gonzalez
26,Agente_CoT_CoV,5,4,4,Aristizabal
26,Agente_CoT_CoV,5,4,4,Franco
26,Agente_CoT_CoV,5,4,4,Gonzalez
26,RAG_Base,3,4,4,Aristizabal
26,RAG_Base,3,4,4,Franco
26,RAG_Base,3,4,4,Gonzalez
27,Agente_CoT_CoV,4,4,3,Aristizabal
27,Agente_CoT_CoV,4,4,3,Franco
27,Agente_CoT_CoV,4,4,4,Gonzalez
27,RAG_Base,3,4,3,Aristizabal
27,RAG_Base,3,4,3,Franco
27,RAG_Base,3,3,3,Gonzalez
28,Agente_CoT_CoV,4,5,3,Aristizabal
28,Agente_CoT_CoV,4,5,3,Franco
28,Agente_CoT_CoV,5,5,4,Gonzalez
28,RAG_Base,4,5,3,Aristizabal
28,RAG_Base,4,5,3,Franco
28,RAG_Base,3,4,3,Gonzalez
29,Agente_CoT_CoV,4,4,2,Aristizabal
29,Agente_CoT_CoV,4,4,2,Franco
29,Agente_CoT_CoV,4,4,3,Gonzalez
29,RAG_Base,3,4,2,Aristizabal
29,RAG_Base,3,4,2,Franco
29,RAG_Base,3,4,2,Gonzalez
30,Agente_CoT_CoV,4,4,4,Aristizabal
30,Agente_CoT_CoV,4,4,4,Franco
30,Agente_CoT_CoV,5,5,4,Gonzalez
30,RAG_Base,3,3,3,Aristizabal
30,RAG_Base,2,3,3,Franco
30,RAG_Base,2,3,3,Gonzalez
31,Agente_CoT_CoV,4,4,3,Aristizabal
31,Agente_CoT_CoV,4,4,3,Franco
31,Agente_CoT_CoV,4,5,3,Gonzalez
31,RAG_Base,3,4,2,Aristizabal
31,RAG_Base,2,4,2,Franco
31,RAG_Base,2,4,2,Gonzalez
32,Agente_CoT_CoV,4,4,4,Aristizabal
32,Agente_CoT_CoV,4,4,4,Franco
32,Agente_CoT_CoV,5,5,4,Gonzalez
32,RAG_Base,3,4,3,Aristizabal
32,RAG_Base,3,4,3,Franco
32,RAG_Base,3,4,3,Gonzalez
33,Agente_CoT_CoV,4,4,3,Aristizabal
33,Agente_CoT_CoV,4,4,3,Franco
33,Agente_CoT_CoV,4,5,4,Gonzalez
33,RAG_Base,3,4,3,Aristizabal
33,RAG_Base,3,4,3,Franco
33,RAG_Base,3,4,3,Gonzalez
34,Agente_CoT_CoV,4,4,3,Aristizabal
34,Agente_CoT_CoV,4,4,3,Franco
34,Agente_CoT_CoV,5,5,4,Gonzalez
34,RAG_Base,3,4,3,Aristizabal
34,RAG_Base,3,4,3,Franco
34,RAG_Base,3,4,3,Gonzalez
35,Agente_CoT_CoV,3,4,2,Aristizabal
35,Agente_CoT_CoV,3,4,2,Franco
35,Agente_CoT_CoV,3,4,2,Gonzalez
35,RAG_Base,1,1,1,Gonzalez
36,Agente_CoT_CoV,4,4,3,Aristizabal
36,Agente_CoT_CoV,4,4,3,Franco
36,Agente_CoT_CoV,4,4,3,Gonzalez
36,RAG_Base,2,3,1,Aristizabal
36,RAG_Base,1,3,1,Franco
36,RAG_Base,1,3,1,Gonzalez
37,Agente_CoT_CoV,4,4,3,Aristizabal
37,Agente_CoT_CoV,4,4,3,Franco
37,Agente_CoT_CoV,4,4,3,Gonzalez
37,RAG_Base,1,1,1,Gonzalez
38,Agente_CoT_CoV,4,3,4,Aristizabal
38,Agente_CoT_CoV,4,3,4,Franco
38,Agente_CoT_CoV,4,4,3,Gonzalez
38,RAG_Base,1,1,1,Gonzalez
39,Agente_CoT_CoV,4,4,3,Aristizabal
39,Agente_CoT_CoV,4,4,3,Franco
39,Agente_CoT_CoV,5,5,4,Gonzalez
39,RAG_Base,3,4,3,Aristizabal
39,RAG_Base,3,4,3,Franco
39,RAG_Base,3,4,3,Gonzalez
40,Agente_CoT_CoV,5,5,4,Aristizabal
40,Agente_CoT_CoV,5,5,4,Franco
40,Agente_CoT_CoV,5,5,4,Gonzalez
40,RAG_Base,1,1,1,Gonzalez
41,Agente_CoT_CoV,3,4,2,Aristizabal
41,Agente_CoT_CoV,3,4,1,Franco
41,Agente_CoT_CoV,3,4,2,Gonzalez
41,RAG_Base,1,1,1,Gonzalez
42,Agente_CoT_CoV,4,4,4,Aristizabal
42,Agente_CoT_CoV,4,4,4,Franco
42,Agente_CoT_CoV,4,4,4,Gonzalez
42,RAG_Base,2,3,2,Aristizabal
42,RAG_Base,2,3,2,Franco
42,RAG_Base,2,3,2,Gonzalez
43,Agente_CoT_CoV,4,4,3,Aristizabal
43,Agente_CoT_CoV,4,4,3,Franco
43,Agente_CoT_CoV,5,4,4,Gonzalez
43,RAG_Base,2,3,3,Aristizabal
43,RAG_Base,2,3,3,Franco
43,RAG_Base,2,3,3,Gonzalez
44,Agente_CoT_CoV,4,4,3,Aristizabal
44,Agente_CoT_CoV,4,4,3,Franco
44,Agente_CoT_CoV,4,5,3,Gonzalez
44,RAG_Base,2,4,2,Aristizabal
44,RAG_Base,2,4,2,Franco
44,RAG_Base,2,4,2,Gonzalez
45,Agente_CoT_CoV,4,4,4,Aristizabal
45,Agente_CoT_CoV,4,4,4,Franco
45,Agente_CoT_CoV,5,5,4,Gonzalez
45,RAG_Base,3,4,3,Aristizabal
45,RAG_Base,3,4,3,Franco
45,RAG_Base,3,4,3,Gonzalez
46,Agente_CoT_CoV,4,4,3,Aristizabal
46,Agente_CoT_CoV,4,4,3,Franco
46,Agente_CoT_CoV,4,5,3,Gonzalez
46,RAG_Base,3,4,3,Aristizabal
46,RAG_Base,3,4,3,Franco
46,RAG_Base,3,4,3,Gonzalez
47,Agente_CoT_CoV,4,4,3,Aristizabal
47,Agente_CoT_CoV,4,4,3,Franco
47,Agente_CoT_CoV,4,4,3,Gonzalez
47,RAG_Base,1,1,1,Gonzalez
48,Agente_CoT_CoV,4,4,4,Aristizabal
48,Agente_CoT_CoV,4,4,4,Franco
48,Agente_CoT_CoV,4,5,4,Gonzalez
48,RAG_Base,1,1,1,Gonzalez
49,Agente_CoT_CoV,4,4,3,Aristizabal
49,Agente_CoT_CoV,4,4,3,Franco
49,Agente_CoT_CoV,5,5,4,Gonzalez
49,RAG_Base,3,4,3,Aristizabal
49,RAG_Base,3,4,3,Franco
49,RAG_Base,3,4,3,Gonzalez
50,Agente_CoT_CoV,5,4,4,Aristizabal
50,Agente_CoT_CoV,5,4,4,Franco
50,Agente_CoT_CoV,5,5,4,Gonzalez
50,RAG_Base,3,4,4,Aristizabal
50,RAG_Base,3,4,4,Franco
50,RAG_Base,3,4,4,Gonzalez
51,Agente_CoT_CoV,5,4,4,Aristizabal
51,Agente_CoT_CoV,5,4,4,Franco
51,Agente_CoT_CoV,5,5,4,Gonzalez
51,RAG_Base,3,4,3,Aristizabal
51,RAG_Base,3,4,3,Franco
51,RAG_Base,3,4,3,Gonzalez
52,Agente_CoT_CoV,4,4,2,Aristizabal
52,Agente_CoT_CoV,4,4,2,Franco
52,Agente_CoT_CoV,4,4,3,Gonzalez
52,RAG_Base,1,1,1,Gonzalez
53,Agente_CoT_CoV,4,4,4,Aristizabal
53,Agente_CoT_CoV,4,4,4,Franco
53,Agente_CoT_CoV,4,5,4,Gonzalez
53,RAG_Base,1,1,1,Gonzalez
54,Agente_CoT_CoV,4,4,3,Aristizabal
54,Agente_CoT_CoV,4,4,3,Franco
54,Agente_CoT_CoV,4,4,3,Gonzalez
54,RAG_Base,1,1,1,Gonzalez
55,Agente_CoT_CoV,4,4,4,Aristizabal
55,Agente_CoT_CoV,4,4,4,Franco
55,Agente_CoT_CoV,4,4,4,Gonzalez
55,RAG_Base,1,1,1,Gonzalez
56,Agente_CoT_CoV,4,3,3,Aristizabal
56,Agente_CoT_CoV,4,3,3,Franco
56,Agente_CoT_CoV,4,4,3,Gonzalez
56,RAG_Base,2,3,3,Aristizabal
56,RAG_Base,2,3,3,Franco
56,RAG_Base,2,3,3,Gonzalez
57,Agente_CoT_CoV,4,5,3,Aristizabal
57,Agente_CoT_CoV,4,5,3,Franco
57,Agente_CoT_CoV,5,5,4,Gonzalez
57,RAG_Base,3,5,2,Aristizabal
57,RAG_Base,3,5,2,Franco
57,RAG_Base,3,5,2,Gonzalez
58,Agente_CoT_CoV,5,5,4,Aristizabal
58,Agente_CoT_CoV,5,5,4,Franco
58,Agente_CoT_CoV,5,5,4,Gonzalez
58,RAG_Base,3,5,4,Aristizabal
58,RAG_Base,3,5,4,Franco
58,RAG_Base,3,5,4,Gonzalez
59,Agente_CoT_CoV,4,5,3,Aristizabal
59,Agente_CoT_CoV,4,5,3,Franco
59,Agente_CoT_CoV,5,5,4,Gonzalez
59,RAG_Base,4,5,3,Aristizabal
59,RAG_Base,4,5,3,Franco
59,RAG_Base,4,5,3,Gonzalez
60,Agente_CoT_CoV,4,4,3,Aristizabal
60,Agente_CoT_CoV,4,4,3,Franco
60,Agente_CoT_CoV,4,4,4,Gonzalez
60,RAG_Base,3,4,3,Aristizabal
60,RAG_Base,3,4,3,Franco
60,RAG_Base,3,4,3,Gonzalez
61,Agente_CoT_CoV,4,4,3,Aristizabal
61,Agente_CoT_CoV,4,4,3,Franco
61,Agente_CoT_CoV,4,4,3,Gonzalez
61,RAG_Base,1,1,1,Gonzalez
62,Agente_CoT_CoV,3,3,3,Aristizabal
62,Agente_CoT_CoV,3,3,3,Franco
62,Agente_CoT_CoV,3,4,3,Gonzalez
62,RAG_Base,1,1,1,Gonzalez
63,Agente_CoT_CoV,4,4,3,Aristizabal
63,Agente_CoT_CoV,4,4,3,Franco
63,Agente_CoT_CoV,4,5,3,Gonzalez
63,RAG_Base,3,4,2,Aristizabal
63,RAG_Base,3,4,2,Franco
63,RAG_Base,3,4,2,Gonzalez
64,Agente_CoT_CoV,4,4,3,Aristizabal
64,Agente_CoT_CoV,4,4,3,Franco
64,Agente_CoT_CoV,4,4,3,Gonzalez
64,RAG_Base,2,4,2,Aristizabal
64,RAG_Base,2,4,2,Franco
64,RAG_Base,2,4,2,Gonzalez
65,Agente_CoT_CoV,4,5,3,Aristizabal
65,Agente_CoT_CoV,4,5,3,Franco
65,Agente_CoT_CoV,5,5,4,Gonzalez
65,RAG_Base,3,5,2,Aristizabal
65,RAG_Base,3,5,2,Franco
65,RAG_Base,3,5,2,Gonzalez
66,Agente_CoT_CoV,4,3,3,Aristizabal
66,Agente_CoT_CoV,4,3,3,Franco
66,Agente_CoT_CoV,4,4,3,Gonzalez
66,RAG_Base,1,1,1,Gonzalez
67,Agente_CoT_CoV,3,3,3,Aristizabal
67,Agente_CoT_CoV,3,3,3,Franco
67,Agente_CoT_CoV,3,4,3,Gonzalez
67,RAG_Base,1,1,1,Gonzalez
68,Agente_CoT_CoV,4,3,4,Aristizabal
68,Agente_CoT_CoV,4,3,4,Franco
68,Agente_CoT_CoV,4,4,4,Gonzalez
68,RAG_Base,1,1,1,Gonzalez
69,Agente_CoT_CoV,4,4,4,Aristizabal
69,Agente_CoT_CoV,4,4,4,Franco
69,Agente_CoT_CoV,4,5,4,Gonzalez
69,RAG_Base,1,1,1,Gonzalez
70,Agente_CoT_CoV,4,4,3,Aristizabal
70,Agente_CoT_CoV,4,4,3,Franco
70,Agente_CoT_CoV,4,4,3,Gonzalez
70,RAG_Base,1,1,1,Gonzalez
71,Agente_CoT_CoV,4,4,4,Aristizabal
71,Agente_CoT_CoV,4,4,4,Franco
71,Agente_CoT_CoV,4,5,4,Gonzalez
71,RAG_Base,1,1,1,Gonzalez
72,Agente_CoT_CoV,4,4,3,Aristizabal
72,Agente_CoT_CoV,4,4,3,Franco
72,Agente_CoT_CoV,4,4,3,Gonzalez
72,RAG_Base,3,4,2,Aristizabal
72,RAG_Base,3,4,2,Franco
72,RAG_Base,3,4,2,Gonzalez
73,Agente_CoT_CoV,3,4,2,Aristizabal
73,Agente_CoT_CoV,3,4,2,Franco
73,Agente_CoT_CoV,3,4,2,Gonzalez
73,RAG_Base,1,1,1,Gonzalez
74,Agente_CoT_CoV,4,4,3,Aristizabal
74,Agente_CoT_CoV,4,4,3,Franco
74,Agente_CoT_CoV,4,4,3,Gonzalez
74,RAG_Base,3,4,2,Aristizabal
74,RAG_Base,3,4,2,Franco
74,RAG_Base,3,4,2,Gonzalez
75,Agente_CoT_CoV,4,3,4,Aristizabal
75,Agente_CoT_CoV,4,3,4,Franco
75,Agente_CoT_CoV,4,4,4,Gonzalez
75,RAG_Base,2,3,1,Aristizabal
75,RAG_Base,2,3,1,Franco
75,RAG_Base,2,3,1,Gonzalez
76,Agente_CoT_CoV,4,4,3,Aristizabal
76,Agente_CoT_CoV,4,4,3,Franco
76,Agente_CoT_CoV,4,4,3,Gonzalez
76,RAG_Base,1,1,1,Gonzalez
77,Agente_CoT_CoV,3,4,2,Aristizabal
77,Agente_CoT_CoV,3,4,2,Franco
77,Agente_CoT_CoV,3,4,2,Gonzalez
77,RAG_Base,1,1,1,Gonzalez
78,Agente_CoT_CoV,4,4,3,Aristizabal
78,Agente_CoT_CoV,4,4,3,Franco
78,Agente_CoT_CoV,4,4,3,Gonzalez
78,RAG_Base,1,1,1,Gonzalez
79,Agente_CoT_CoV,4,4,3,Aristizabal
79,Agente_CoT_CoV,4,4,3,Franco
79,Agente_CoT_CoV,4,4,3,Gonzalez
79,RAG_Base,1,1,1,Gonzalez
80,Agente_CoT_CoV,4,2,3,Aristizabal
80,Agente_CoT_CoV,4,2,3,Franco
80,Agente_CoT_CoV,4,3,3,Gonzalez
80,RAG_Base,1,1,1,Gonzalez
81,Agente_CoT_CoV,4,4,3,Aristizabal
81,Agente_CoT_CoV,4,4,3,Franco
81,Agente_CoT_CoV,4,4,3,Gonzalez
81,RAG_Base,1,1,1,Gonzalez
82,Agente_CoT_CoV,4,4,3,Aristizabal
82,Agente_CoT_CoV,4,4,3,Franco
82,Agente_CoT_CoV,4,5,4,Gonzalez
82,RAG_Base,3,4,2,Aristizabal
82,RAG_Base,3,4,2,Franco
82,RAG_Base,3,4,2,Gonzalez
83,Agente_CoT_CoV,3,4,2,Aristizabal
83,Agente_CoT_CoV,3,4,2,Franco
83,Agente_CoT_CoV,3,4,2,Gonzalez
83,RAG_Base,1,1,1,Gonzalez
84,Agente_CoT_CoV,3,3,3,Aristizabal
84,Agente_CoT_CoV,3,3,3,Franco
84,Agente_CoT_CoV,4,4,3,Gonzalez
84,RAG_Base,2,3,2,Aristizabal
84,RAG_Base,2,3,2,Franco
84,RAG_Base,2,3,2,Gonzalez
85,Agente_CoT_CoV,4,4,3,Aristizabal
85,Agente_CoT_CoV,4,4,3,Franco
85,Agente_CoT_CoV,4,4,3,Gonzalez
85,RAG_Base,1,1,1,Gonzalez
86,Agente_CoT_CoV,4,5,3,Aristizabal
86,Agente_CoT_CoV,4,5,3,Franco
86,Agente_CoT_CoV,5,5,4,Gonzalez
86,RAG_Base,4,5,2,Aristizabal
86,RAG_Base,4,5,2,Franco
86,RAG_Base,4,5,2,Gonzalez
87,Agente_CoT_CoV,5,4,4,Aristizabal
87,Agente_CoT_CoV,5,4,4,Franco
87,Agente_CoT_CoV,5,5,4,Gonzalez
87,RAG_Base,3,4,4,Aristizabal
87,RAG_Base,3,4,4,Franco
87,RAG_Base,3,4,4,Gonzalez
88,Agente_CoT_CoV,4,4,4,Aristizabal
88,Agente_CoT_CoV,4,4,4,Franco
88,Agente_CoT_CoV,4,5,4,Gonzalez
88,RAG_Base,3,4,3,Aristizabal
88,RAG_Base,3,4,3,Franco
88,RAG_Base,3,4,3,Gonzalez
89,Agente_CoT_CoV,3,3,2,Aristizabal
89,Agente_CoT_CoV,3,3,2,Franco
89,Agente_CoT_CoV,3,4,3,Gonzalez
89,RAG_Base,2,3,2,Aristizabal
89,RAG_Base,2,3,2,Franco
89,RAG_Base,2,3,2,Gonzalez
90,Agente_CoT_CoV,4,4,4,Aristizabal
90,Agente_CoT_CoV,4,4,4,Franco
90,Agente_CoT_CoV,4,4,4,Gonzalez
90,RAG_Base,1,1,1,Gonzalez
91,Agente_CoT_CoV,4,4,4,Aristizabal
91,Agente_CoT_CoV,4,4,4,Franco
91,Agente_CoT_CoV,5,5,4,Gonzalez
91,RAG_Base,3,4,3,Aristizabal
91,RAG_Base,3,4,3,Franco
91,RAG_Base,3,4,3,Gonzalez
92,Agente_CoT_CoV,4,4,2,Aristizabal
92,Agente_CoT_CoV,4,4,2,Franco
92,Agente_CoT_CoV,4,4,3,Gonzalez
92,RAG_Base,1,1,1,Gonzalez
93,Agente_CoT_CoV,4,5,3,Aristizabal
93,Agente_CoT_CoV,4,5,3,Franco
93,Agente_CoT_CoV,4,5,4,Gonzalez
93,RAG_Base,1,1,1,Gonzalez
94,Agente_CoT_CoV,3,3,3,Aristizabal
94,Agente_CoT_CoV,3,3,3,Franco
94,Agente_CoT_CoV,3,4,3,Gonzalez
94,RAG_Base,2,3,2,Aristizabal
94,RAG_Base,2,3,2,Franco
94,RAG_Base,2,3,2,Gonzalez
95,Agente_CoT_CoV,4,4,3,Aristizabal
95,Agente_CoT_CoV,4,4,3,Franco
95,Agente_CoT_CoV,4,4,3,Gonzalez
95,RAG_Base,1,1,1,Gonzalez
96,Agente_CoT_CoV,3,3,3,Aristizabal
96,Agente_CoT_CoV,3,3,3,Franco
96,Agente_CoT_CoV,3,4,3,Gonzalez
96,RAG_Base,1,1,1,Gonzalez
97,Agente_CoT_CoV,4,4,3,Aristizabal
97,Agente_CoT_CoV,4,4,3,Franco
97,Agente_CoT_CoV,4,4,4,Gonzalez
97,RAG_Base,3,4,3,Aristizabal
97,RAG_Base,3,4,3,Franco
97,RAG_Base,3,4,3,Gonzalez
98,Agente_CoT_CoV,4,5,3,Aristizabal
98,Agente_CoT_CoV,4,5,3,Franco
98,Agente_CoT_CoV,5,5,4,Gonzalez
98,RAG_Base,3,5,2,Aristizabal
98,RAG_Base,3,5,2,Franco
98,RAG_Base,3,5,2,Gonzalez
99,Agente_CoT_CoV,4,4,3,Aristizabal
99,Agente_CoT_CoV,4,4,3,Franco
99,Agente_CoT_CoV,4,4,3,Gonzalez
99,RAG_Base,1,1,1,Gonzalez
100,Agente_CoT_CoV,3,3,3,Aristizabal
100,Agente_CoT_CoV,3,3,3,Franco
100,Agente_CoT_CoV,3,4,3,Gonzalez
100,RAG_Base,1,1,1,Gonzalez
101,Agente_CoT_CoV,4,4,3,Aristizabal
101,Agente_CoT_CoV,4,4,3,Franco
101,Agente_CoT_CoV,4,4,3,Gonzalez
101,RAG_Base,1,1,1,Gonzalez
102,Agente_CoT_CoV,4,3,4,Aristizabal
102,Agente_CoT_CoV,4,3,4,Franco
102,Agente_CoT_CoV,4,4,4,Gonzalez
102,RAG_Base,1,1,1,Gonzalez
103,Agente_CoT_CoV,4,4,4,Aristizabal
103,Agente_CoT_CoV,4,4,4,Franco
103,Agente_CoT_CoV,4,5,4,Gonzalez
103,RAG_Base,1,1,1,Gonzalez
104,Agente_CoT_CoV,4,4,3,Aristizabal
104,Agente_CoT_CoV,4,4,3,Franco
104,Agente_CoT_CoV,4,4,3,Gonzalez
104,RAG_Base,1,1,1,Gonzalez
105,Agente_CoT_CoV,3,4,2,Aristizabal
105,Agente_CoT_CoV,3,4,2,Franco
105,Agente_CoT_CoV,3,4,2,Gonzalez
105,RAG_Base,1,1,1,Gonzalez
106,Agente_CoT_CoV,3,4,2,Aristizabal
106,Agente_CoT_CoV,3,4,2,Franco
106,Agente_CoT_CoV,3,4,2,Gonzalez
106,RAG_Base,1,1,1,Gonzalez
107,Agente_CoT_CoV,2,4,1,Aristizabal
107,Agente_CoT_CoV,2,4,1,Franco
107,Agente_CoT_CoV,2,4,2,Gonzalez
107,RAG_Base,1,1,1,Gonzalez
108,Agente_CoT_CoV,4,4,3,Aristizabal
108,Agente_CoT_CoV,4,4,3,Franco
108,Agente_CoT_CoV,4,4,4,Gonzalez
108,RAG_Base,3,4,3,Aristizabal
108,RAG_Base,3,4,3,Franco
108,RAG_Base,3,4,3,Gonzalez
109,Agente_CoT_CoV,4,3,4,Aristizabal
109,Agente_CoT_CoV,4,3,4,Franco
109,Agente_CoT_CoV,4,4,4,Gonzalez
109,RAG_Base,1,1,1,Gonzalez
110,Agente_CoT_CoV,4,4,4,Aristizabal
110,Agente_CoT_CoV,4,4,4,Franco
110,Agente_CoT_CoV,5,5,4,Gonzalez
110,RAG_Base,3,4,3,Aristizabal
110,RAG_Base,3,4,3,Franco
110,RAG_Base,3,4,3,Gonzalez
111,Agente_CoT_CoV,4,4,3,Aristizabal
111,Agente_CoT_CoV,4,4,3,Franco
111,Agente_CoT_CoV,4,4,3,Gonzalez
111,RAG_Base,3,4,2,Aristizabal
111,RAG_Base,3,4,2,Franco
111,RAG_Base,3,4,2,Gonzalez
112,Agente_CoT_CoV,3,4,2,Aristizabal
112,Agente_CoT_CoV,3,4,2,Franco
112,Agente_CoT_CoV,3,4,2,Gonzalez
112,RAG_Base,1,1,1,Gonzalez
113,Agente_CoT_CoV,4,4,4,Aristizabal
113,Agente_CoT_CoV,4,4,4,Franco
113,Agente_CoT_CoV,4,4,4,Gonzalez
113,RAG_Base,1,1,1,Gonzalez
114,Agente_CoT_CoV,4,4,3,Gonzalez
114,RAG_Base,1,1,1,Gonzalez
115,Agente_CoT_CoV,4,4,3,Aristizabal
115,Agente_CoT_CoV,4,4,3,Franco
115,Agente_CoT_CoV,4,4,3,Gonzalez
115,RAG_Base,1,1,1,Gonzalez
116,Agente_CoT_CoV,4,5,3,Aristizabal
116,Agente_CoT_CoV,4,5,3,Franco
116,Agente_CoT_CoV,5,5,4,Gonzalez
116,RAG_Base,3,5,3,Aristizabal
116,RAG_Base,3,5,3,Franco
116,RAG_Base,3,5,3,Gonzalez
117,Agente_CoT_CoV,4,4,3,Aristizabal
117,Agente_CoT_CoV,4,4,3,Franco
117,Agente_CoT_CoV,4,4,4,Gonzalez
117,RAG_Base,3,4,3,Aristizabal
117,RAG_Base,3,4,3,Franco
117,RAG_Base,3,4,3,Gonzalez
118,Agente_CoT_CoV,3,3,3,Aristizabal
118,Agente_CoT_CoV,3,3,3,Franco
118,Agente_CoT_CoV,3,4,3,Gonzalez
118,RAG_Base,1,1,1,Gonzalez
119,Agente_CoT_CoV,4,4,3,Gonzalez
119,RAG_Base,1,1,1,Gonzalez
120,Agente_CoT_CoV,4,4,4,Aristizabal
120,Agente_CoT_CoV,4,4,4,Franco
120,Agente_CoT_CoV,5,5,5,Gonzalez
120,RAG_Base,2,4,4,Aristizabal
120,RAG_Base,2,4,4,Franco
120,RAG_Base,2,4,4,Gonzalez
