ID_Pregunta,Pregunta,Sistema,Fuente_Evaluada,Evaluador,Consistencia_Silogistica_J2,Fidelidad_Juridica_J2,Complejidad_J2,Observacion_Metodologica
1,"En un contrato de compraventa civil celebrado por escrito, una cláusula establece entrega inmediata del bien y otra dispone que la entrega solo procederá cuando el comprador obtenga aprobación bancaria, ¿cómo debe resolverse la contradicción interpretativa y qué criterios hermenéuticos deberían aplicarse para reconstruir la intención común de las partes?",Agente_CoT_CoV,Respuesta_Agente_CoT_CoV,Jurista_2_IA,5,4,5,Calificación jurídica independiente sobre respuesta sustantiva disponible; escala ordinal 1-5.
1,"En un contrato de compraventa civil celebrado por escrito, una cláusula establece entrega inmediata del bien y otra dispone que la entrega solo procederá cuando el comprador obtenga aprobación bancaria, ¿cómo debe resolverse la contradicción interpretativa y qué criterios hermenéuticos deberían aplicarse para reconstruir la intención común de las partes?",RAG_Base,Respuesta_RAG_Base,Jurista_2_IA,3,4,3,Calificación jurídica independiente sobre respuesta sustantiva disponible; escala ordinal 1-5.
2,"Si dos partes pactan verbalmente la modificación del plazo de un contrato previamente escrito, pero el contrato original contiene una cláusula que exige que toda modificación conste por escrito, ¿qué valor jurídico tendría la modificación verbal y bajo qué supuestos podría producir efectos?",Agente_CoT_CoV,Respuesta_Agente_CoT_CoV,Jurista_2_IA,4,4,4,Calificación jurídica independiente sobre respuesta sustantiva disponible; escala ordinal 1-5.
3,¿Cómo debe interpretarse una cláusula penal pactada en un contrato civil cuando su redacción permite entenderla tanto como sanción moratoria como indemnización compensatoria?,Agente_CoT_CoV,Respuesta_Agente_CoT_CoV,Jurista_2_IA,5,4,4,Calificación jurídica independiente sobre respuesta sustantiva disponible; escala ordinal 1-5.
3,¿Cómo debe interpretarse una cláusula penal pactada en un contrato civil cuando su redacción permite entenderla tanto como sanción moratoria como indemnización compensatoria?,RAG_Base,Respuesta_RAG_Base,Jurista_2_IA,3,4,3,Calificación jurídica independiente sobre respuesta sustantiva disponible; escala ordinal 1-5.
4,"En un contrato de prestación de servicios civiles, ¿qué consecuencias jurídicas se derivan si la remuneración fue acordada de forma ambigua, usando simultáneamente una suma fija y un porcentaje sobre resultados, sin establecer regla de prevalencia?",Agente_CoT_CoV,Respuesta_Agente_CoT_CoV,Jurista_2_IA,3,4,2,Calificación jurídica independiente sobre respuesta sustantiva disponible; escala ordinal 1-5.
5,"¿Puede considerarse perfeccionado un contrato civil cuando existe acuerdo sobre objeto y precio, pero las partes dejaron pendiente la definición de una condición de ejecución que calificaban como esencial?",Agente_CoT_CoV,Respuesta_Agente_CoT_CoV,Jurista_2_IA,5,4,3,Calificación jurídica independiente sobre respuesta sustantiva disponible; escala ordinal 1-5.
5,"¿Puede considerarse perfeccionado un contrato civil cuando existe acuerdo sobre objeto y precio, pero las partes dejaron pendiente la definición de una condición de ejecución que calificaban como esencial?",RAG_Base,Respuesta_RAG_Base,Jurista_2_IA,3,4,3,Calificación jurídica independiente sobre respuesta sustantiva disponible; escala ordinal 1-5.
6,"Si una de las partes firma un contrato confiando en una versión preliminar distinta de la versión final, ¿cómo se analiza jurídicamente el error en la formación del consentimiento y qué hechos serían decisivos para valorar su relevancia?",Agente_CoT_CoV,Respuesta_Agente_CoT_CoV,Jurista_2_IA,4,4,4,Calificación jurídica independiente sobre respuesta sustantiva disponible; escala ordinal 1-5.
6,"Si una de las partes firma un contrato confiando en una versión preliminar distinta de la versión final, ¿cómo se analiza jurídicamente el error en la formación del consentimiento y qué hechos serían decisivos para valorar su relevancia?",RAG_Base,Respuesta_RAG_Base,Jurista_2_IA,3,4,3,Calificación jurídica independiente sobre respuesta sustantiva disponible; escala ordinal 1-5.
7,"En un contrato de arrendamiento civil con dos cláusulas incompatibles sobre reajuste del canon, una anual por IPC y otra libremente determinada por el arrendador, ¿qué método interpretativo permite resolver la incompatibilidad sin vaciar el contrato de eficacia?",Agente_CoT_CoV,Respuesta_Agente_CoT_CoV,Jurista_2_IA,4,4,3,Calificación jurídica independiente sobre respuesta sustantiva disponible; escala ordinal 1-5.
7,"En un contrato de arrendamiento civil con dos cláusulas incompatibles sobre reajuste del canon, una anual por IPC y otra libremente determinada por el arrendador, ¿qué método interpretativo permite resolver la incompatibilidad sin vaciar el contrato de eficacia?",RAG_Base,Respuesta_RAG_Base,Jurista_2_IA,3,4,2,Calificación jurídica independiente sobre respuesta sustantiva disponible; escala ordinal 1-5.
8,¿Cómo debe abordarse la interpretación de una cláusula oscura redactada exclusivamente por una de las partes cuando su sentido favorece claramente a quien la redactó?,Agente_CoT_CoV,Respuesta_Agente_CoT_CoV,Jurista_2_IA,4,3,3,Calificación jurídica independiente sobre respuesta sustantiva disponible; escala ordinal 1-5.
8,¿Cómo debe abordarse la interpretación de una cláusula oscura redactada exclusivamente por una de las partes cuando su sentido favorece claramente a quien la redactó?,RAG_Base,Respuesta_RAG_Base,Jurista_2_IA,2,3,2,Calificación jurídica independiente sobre respuesta sustantiva disponible; escala ordinal 1-5.
9,"En un contrato de mandato, si el mandatario actuó dentro de los fines generales del negocio pero excedió instrucciones particulares, ¿cómo se determina si sus actos obligan al mandante frente al tercero?",Agente_CoT_CoV,Respuesta_Agente_CoT_CoV,Jurista_2_IA,4,4,3,Calificación jurídica independiente sobre respuesta sustantiva disponible; escala ordinal 1-5.
9,"En un contrato de mandato, si el mandatario actuó dentro de los fines generales del negocio pero excedió instrucciones particulares, ¿cómo se determina si sus actos obligan al mandante frente al tercero?",RAG_Base,Respuesta_RAG_Base,Jurista_2_IA,2,4,2,Calificación jurídica independiente sobre respuesta sustantiva disponible; escala ordinal 1-5.
10,¿Qué efectos produce en la validez de un contrato civil la discrepancia entre la causa expresada en el texto contractual y la causa real perseguida por las partes?,Agente_CoT_CoV,Respuesta_Agente_CoT_CoV,Jurista_2_IA,4,4,3,Calificación jurídica independiente sobre respuesta sustantiva disponible; escala ordinal 1-5.
11,"Si en una promesa de compraventa las partes pactaron celebrar el contrato definitivo cuando “se normalice la situación registral del inmueble”, ¿esa expresión puede considerarse una condición suficientemente determinada para exigir cumplimiento?",Agente_CoT_CoV,Respuesta_Agente_CoT_CoV,Jurista_2_IA,4,4,3,Calificación jurídica independiente sobre respuesta sustantiva disponible; escala ordinal 1-5.
12,¿Cómo se diferencia jurídicamente una obligación condicional de una obligación a plazo cuando la cláusula contractual usa lenguaje impreciso sobre un evento futuro?,Agente_CoT_CoV,Respuesta_Agente_CoT_CoV,Jurista_2_IA,4,4,3,Calificación jurídica independiente sobre respuesta sustantiva disponible; escala ordinal 1-5.
12,¿Cómo se diferencia jurídicamente una obligación condicional de una obligación a plazo cuando la cláusula contractual usa lenguaje impreciso sobre un evento futuro?,RAG_Base,Respuesta_RAG_Base,Jurista_2_IA,3,4,3,Calificación jurídica independiente sobre respuesta sustantiva disponible; escala ordinal 1-5.
13,"En un contrato de mutuo entre particulares, ¿qué análisis debe hacerse si se pactan intereses sin claridad sobre su tasa, periodicidad ni momento de exigibilidad?",Agente_CoT_CoV,Respuesta_Agente_CoT_CoV,Jurista_2_IA,3,3,3,Calificación jurídica independiente sobre respuesta sustantiva disponible; escala ordinal 1-5.
14,¿Cómo se determina la prevalencia entre una cláusula especial y una cláusula general cuando ambas regulan el mismo supuesto de incumplimiento con consecuencias distintas?,Agente_CoT_CoV,Respuesta_Agente_CoT_CoV,Jurista_2_IA,4,4,3,Calificación jurídica independiente sobre respuesta sustantiva disponible; escala ordinal 1-5.
14,¿Cómo se determina la prevalencia entre una cláusula especial y una cláusula general cuando ambas regulan el mismo supuesto de incumplimiento con consecuencias distintas?,RAG_Base,Respuesta_RAG_Base,Jurista_2_IA,3,4,2,Calificación jurídica independiente sobre respuesta sustantiva disponible; escala ordinal 1-5.
15,"Si un contrato civil remite a anexos técnicos no firmados por las partes, ¿qué criterios permiten establecer si esos anexos quedaron válidamente incorporados al contenido obligacional?",Agente_CoT_CoV,Respuesta_Agente_CoT_CoV,Jurista_2_IA,4,4,4,Calificación jurídica independiente sobre respuesta sustantiva disponible; escala ordinal 1-5.
15,"Si un contrato civil remite a anexos técnicos no firmados por las partes, ¿qué criterios permiten establecer si esos anexos quedaron válidamente incorporados al contenido obligacional?",RAG_Base,Respuesta_RAG_Base,Jurista_2_IA,3,4,3,Calificación jurídica independiente sobre respuesta sustantiva disponible; escala ordinal 1-5.
16,"En un contrato de obra, ¿cómo debe calificarse el incumplimiento del contratista cuando entrega la obra, pero esta presenta defectos funcionales que impiden su uso normal?",Agente_CoT_CoV,Respuesta_Agente_CoT_CoV,Jurista_2_IA,4,4,3,Calificación jurídica independiente sobre respuesta sustantiva disponible; escala ordinal 1-5.
17,¿Cuándo una ejecución defectuosa debe tratarse como cumplimiento imperfecto y cuándo como incumplimiento esencial que habilita resolución del contrato?,Agente_CoT_CoV,Respuesta_Agente_CoT_CoV,Jurista_2_IA,4,4,3,Calificación jurídica independiente sobre respuesta sustantiva disponible; escala ordinal 1-5.
17,¿Cuándo una ejecución defectuosa debe tratarse como cumplimiento imperfecto y cuándo como incumplimiento esencial que habilita resolución del contrato?,RAG_Base,Respuesta_RAG_Base,Jurista_2_IA,3,4,3,Calificación jurídica independiente sobre respuesta sustantiva disponible; escala ordinal 1-5.
18,"Si una cláusula de exoneración de responsabilidad está redactada en términos amplios y genéricos, ¿hasta dónde puede desplegar efectos frente a culpa leve, culpa grave o dolo?",Agente_CoT_CoV,Respuesta_Agente_CoT_CoV,Jurista_2_IA,4,3,3,Calificación jurídica independiente sobre respuesta sustantiva disponible; escala ordinal 1-5.
19,¿Cómo se analiza la validez de una cláusula contractual que traslada todos los riesgos previsibles e imprevisibles a una sola parte sin distinguir origen ni control del riesgo?,Agente_CoT_CoV,Respuesta_Agente_CoT_CoV,Jurista_2_IA,4,3,4,Calificación jurídica independiente sobre respuesta sustantiva disponible; escala ordinal 1-5.
19,¿Cómo se analiza la validez de una cláusula contractual que traslada todos los riesgos previsibles e imprevisibles a una sola parte sin distinguir origen ni control del riesgo?,RAG_Base,Respuesta_RAG_Base,Jurista_2_IA,2,3,3,Calificación jurídica independiente sobre respuesta sustantiva disponible; escala ordinal 1-5.
20,"En un contrato celebrado por correo electrónico, ¿qué elementos serían jurídicamente relevantes para acreditar la existencia del consentimiento y el momento del perfeccionamiento?",Agente_CoT_CoV,Respuesta_Agente_CoT_CoV,Jurista_2_IA,4,4,4,Calificación jurídica independiente sobre respuesta sustantiva disponible; escala ordinal 1-5.
20,"En un contrato celebrado por correo electrónico, ¿qué elementos serían jurídicamente relevantes para acreditar la existencia del consentimiento y el momento del perfeccionamiento?",RAG_Base,Respuesta_RAG_Base,Jurista_2_IA,3,4,3,Calificación jurídica independiente sobre respuesta sustantiva disponible; escala ordinal 1-5.
21,"¿Qué diferencia existe entre interpretar una cláusula ambigua y suplir un vacío contractual, y por qué esa distinción es crítica al evaluar la fidelidad de una respuesta jurídica?",Agente_CoT_CoV,Respuesta_Agente_CoT_CoV,Jurista_2_IA,5,4,5,Calificación jurídica independiente sobre respuesta sustantiva disponible; escala ordinal 1-5.
21,"¿Qué diferencia existe entre interpretar una cláusula ambigua y suplir un vacío contractual, y por qué esa distinción es crítica al evaluar la fidelidad de una respuesta jurídica?",RAG_Base,Respuesta_RAG_Base,Jurista_2_IA,3,4,3,Calificación jurídica independiente sobre respuesta sustantiva disponible; escala ordinal 1-5.
22,"Si una cláusula dispone que el deudor responderá “por cualquier perjuicio”, ¿esa redacción permite presumir inclusión automática de lucro cesante, daño emergente y daños indirectos?",Agente_CoT_CoV,Respuesta_Agente_CoT_CoV,Jurista_2_IA,5,4,4,Calificación jurídica independiente sobre respuesta sustantiva disponible; escala ordinal 1-5.
23,¿Cómo debe resolverse la tensión entre el tenor literal de una cláusula y la conducta posterior de las partes cuando ambas apuntan a significados opuestos?,Agente_CoT_CoV,Respuesta_Agente_CoT_CoV,Jurista_2_IA,4,4,3,Calificación jurídica independiente sobre respuesta sustantiva disponible; escala ordinal 1-5.
24,"En un contrato de compraventa de cosa futura, ¿qué efectos tiene la pérdida de la cosa antes de su existencia por causa no imputable al vendedor?",Agente_CoT_CoV,Respuesta_Agente_CoT_CoV,Jurista_2_IA,5,5,2,Calificación jurídica independiente sobre respuesta sustantiva disponible; escala ordinal 1-5.
24,"En un contrato de compraventa de cosa futura, ¿qué efectos tiene la pérdida de la cosa antes de su existencia por causa no imputable al vendedor?",RAG_Base,Respuesta_RAG_Base,Jurista_2_IA,4,5,2,Calificación jurídica independiente sobre respuesta sustantiva disponible; escala ordinal 1-5.
25,"Si las partes usan en el contrato términos técnicos propios de un sector económico pero luego discuten su alcance, ¿debe preferirse el sentido jurídico general o el sentido técnico sectorial?",RAG_Base,Respuesta_RAG_Base,Jurista_2_IA,2,4,3,Calificación jurídica independiente sobre respuesta sustantiva disponible; escala ordinal 1-5.
26,"¿Cómo se valora jurídicamente una cláusula de terminación unilateral que no establece causales, procedimiento ni deber de preaviso?",Agente_CoT_CoV,Respuesta_Agente_CoT_CoV,Jurista_2_IA,5,4,4,Calificación jurídica independiente sobre respuesta sustantiva disponible; escala ordinal 1-5.
26,"¿Cómo se valora jurídicamente una cláusula de terminación unilateral que no establece causales, procedimiento ni deber de preaviso?",RAG_Base,Respuesta_RAG_Base,Jurista_2_IA,3,4,4,Calificación jurídica independiente sobre respuesta sustantiva disponible; escala ordinal 1-5.
27,"En un contrato con varios deudores, ¿qué elementos permiten distinguir si la obligación asumida es simplemente conjunta o solidaria cuando el texto no lo dice expresamente?",Agente_CoT_CoV,Respuesta_Agente_CoT_CoV,Jurista_2_IA,4,4,3,Calificación jurídica independiente sobre respuesta sustantiva disponible; escala ordinal 1-5.
27,"En un contrato con varios deudores, ¿qué elementos permiten distinguir si la obligación asumida es simplemente conjunta o solidaria cuando el texto no lo dice expresamente?",RAG_Base,Respuesta_RAG_Base,Jurista_2_IA,3,4,3,Calificación jurídica independiente sobre respuesta sustantiva disponible; escala ordinal 1-5.
28,¿Cuáles son los efectos de la mora del acreedor en un contrato bilateral y cómo incide sobre la responsabilidad posterior del deudor?,Agente_CoT_CoV,Respuesta_Agente_CoT_CoV,Jurista_2_IA,4,5,3,Calificación jurídica independiente sobre respuesta sustantiva disponible; escala ordinal 1-5.
28,¿Cuáles son los efectos de la mora del acreedor en un contrato bilateral y cómo incide sobre la responsabilidad posterior del deudor?,RAG_Base,Respuesta_RAG_Base,Jurista_2_IA,4,5,3,Calificación jurídica independiente sobre respuesta sustantiva disponible; escala ordinal 1-5.
29,"Si un acreedor rechaza sin justificación una prestación sustancialmente conforme, ¿puede luego alegar incumplimiento resolutorio del deudor?",Agente_CoT_CoV,Respuesta_Agente_CoT_CoV,Jurista_2_IA,4,4,2,Calificación jurídica independiente sobre respuesta sustantiva disponible; escala ordinal 1-5.
29,"Si un acreedor rechaza sin justificación una prestación sustancialmente conforme, ¿puede luego alegar incumplimiento resolutorio del deudor?",RAG_Base,Respuesta_RAG_Base,Jurista_2_IA,3,4,2,Calificación jurídica independiente sobre respuesta sustantiva disponible; escala ordinal 1-5.
30,¿Cómo se analiza una cláusula que faculta a una parte para fijar unilateralmente el contenido económico futuro del contrato?,Agente_CoT_CoV,Respuesta_Agente_CoT_CoV,Jurista_2_IA,4,4,4,Calificación jurídica independiente sobre respuesta sustantiva disponible; escala ordinal 1-5.
30,¿Cómo se analiza una cláusula que faculta a una parte para fijar unilateralmente el contenido económico futuro del contrato?,RAG_Base,Respuesta_RAG_Base,Jurista_2_IA,3,3,3,Calificación jurídica independiente sobre respuesta sustantiva disponible; escala ordinal 1-5.
31,"En un contrato de depósito, si el depositario usa la cosa sin autorización pero la restituye intacta, ¿qué consecuencias contractuales y resarcitorias proceden?",Agente_CoT_CoV,Respuesta_Agente_CoT_CoV,Jurista_2_IA,4,4,3,Calificación jurídica independiente sobre respuesta sustantiva disponible; escala ordinal 1-5.
31,"En un contrato de depósito, si el depositario usa la cosa sin autorización pero la restituye intacta, ¿qué consecuencias contractuales y resarcitorias proceden?",RAG_Base,Respuesta_RAG_Base,Jurista_2_IA,3,4,2,Calificación jurídica independiente sobre respuesta sustantiva disponible; escala ordinal 1-5.
32,¿En qué supuestos el silencio de una parte durante la ejecución contractual puede adquirir relevancia interpretativa o integradora del contrato?,Agente_CoT_CoV,Respuesta_Agente_CoT_CoV,Jurista_2_IA,4,4,4,Calificación jurídica independiente sobre respuesta sustantiva disponible; escala ordinal 1-5.
32,¿En qué supuestos el silencio de una parte durante la ejecución contractual puede adquirir relevancia interpretativa o integradora del contrato?,RAG_Base,Respuesta_RAG_Base,Jurista_2_IA,3,4,3,Calificación jurídica independiente sobre respuesta sustantiva disponible; escala ordinal 1-5.
33,"Si un contrato contiene una cláusula de “entera integridad” pero existe evidencia robusta de acuerdos precontractuales contradictorios, ¿hasta qué punto esos acuerdos pueden ser considerados para interpretar el contrato?",Agente_CoT_CoV,Respuesta_Agente_CoT_CoV,Jurista_2_IA,4,4,3,Calificación jurídica independiente sobre respuesta sustantiva disponible; escala ordinal 1-5.
33,"Si un contrato contiene una cláusula de “entera integridad” pero existe evidencia robusta de acuerdos precontractuales contradictorios, ¿hasta qué punto esos acuerdos pueden ser considerados para interpretar el contrato?",RAG_Base,Respuesta_RAG_Base,Jurista_2_IA,3,4,3,Calificación jurídica independiente sobre respuesta sustantiva disponible; escala ordinal 1-5.
34,"¿Cómo debe calificarse una cláusula que impone una sanción económica desproporcionada por cualquier incumplimiento, incluso leve o subsanable?",Agente_CoT_CoV,Respuesta_Agente_CoT_CoV,Jurista_2_IA,4,4,3,Calificación jurídica independiente sobre respuesta sustantiva disponible; escala ordinal 1-5.
34,"¿Cómo debe calificarse una cláusula que impone una sanción económica desproporcionada por cualquier incumplimiento, incluso leve o subsanable?",RAG_Base,Respuesta_RAG_Base,Jurista_2_IA,3,4,3,Calificación jurídica independiente sobre respuesta sustantiva disponible; escala ordinal 1-5.
35,"En un contrato civil celebrado por representante, ¿qué análisis corresponde cuando el poder era ambiguo respecto de la facultad de transigir, renunciar o comprometer patrimonialmente al representado?",Agente_CoT_CoV,Respuesta_Agente_CoT_CoV,Jurista_2_IA,3,4,2,Calificación jurídica independiente sobre respuesta sustantiva disponible; escala ordinal 1-5.
36,"¿Qué criterios permiten distinguir error obstativo, error vicio y simple discrepancia interpretativa en la formación del contrato?",Agente_CoT_CoV,Respuesta_Agente_CoT_CoV,Jurista_2_IA,4,4,3,Calificación jurídica independiente sobre respuesta sustantiva disponible; escala ordinal 1-5.
36,"¿Qué criterios permiten distinguir error obstativo, error vicio y simple discrepancia interpretativa en la formación del contrato?",RAG_Base,Respuesta_RAG_Base,Jurista_2_IA,2,3,1,Calificación jurídica independiente sobre respuesta sustantiva disponible; escala ordinal 1-5.
37,"Si un contrato de obra fija precio global, pero el comitente solicita modificaciones sustanciales durante la ejecución, ¿cómo se determina si nace un derecho al reajuste?",Agente_CoT_CoV,Respuesta_Agente_CoT_CoV,Jurista_2_IA,4,4,3,Calificación jurídica independiente sobre respuesta sustantiva disponible; escala ordinal 1-5.
38,¿Cómo se interpreta una cláusula de confidencialidad que prohíbe divulgar “cualquier información relacionada” con el negocio sin delimitar temporalidad ni contenido?,Agente_CoT_CoV,Respuesta_Agente_CoT_CoV,Jurista_2_IA,4,3,4,Calificación jurídica independiente sobre respuesta sustantiva disponible; escala ordinal 1-5.
39,¿Cuándo una obligación de medio puede transformarse funcionalmente en una obligación de resultado a partir de la redacción contractual y del contexto negocial?,Agente_CoT_CoV,Respuesta_Agente_CoT_CoV,Jurista_2_IA,4,4,3,Calificación jurídica independiente sobre respuesta sustantiva disponible; escala ordinal 1-5.
39,¿Cuándo una obligación de medio puede transformarse funcionalmente en una obligación de resultado a partir de la redacción contractual y del contexto negocial?,RAG_Base,Respuesta_RAG_Base,Jurista_2_IA,3,4,3,Calificación jurídica independiente sobre respuesta sustantiva disponible; escala ordinal 1-5.
40,"En una compraventa con pacto de reserva de dominio, ¿qué efectos tiene el incumplimiento parcial del comprador sobre la facultad del vendedor de reclamar restitución del bien?",Agente_CoT_CoV,Respuesta_Agente_CoT_CoV,Jurista_2_IA,5,5,4,Calificación jurídica independiente sobre respuesta sustantiva disponible; escala ordinal 1-5.
41,¿Cómo se resuelve un conflicto entre una cláusula manuscrita y una cláusula preimpresa cuando ambas regulan el mismo punto de manera incompatible?,Agente_CoT_CoV,Respuesta_Agente_CoT_CoV,Jurista_2_IA,3,4,2,Calificación jurídica independiente sobre respuesta sustantiva disponible; escala ordinal 1-5.
42,"Si un contrato prevé pago en moneda extranjera, pero guarda silencio sobre tasa de conversión y lugar de pago, ¿qué problemas jurídicos deben resolverse para exigir cumplimiento?",Agente_CoT_CoV,Respuesta_Agente_CoT_CoV,Jurista_2_IA,4,4,4,Calificación jurídica independiente sobre respuesta sustantiva disponible; escala ordinal 1-5.
42,"Si un contrato prevé pago en moneda extranjera, pero guarda silencio sobre tasa de conversión y lugar de pago, ¿qué problemas jurídicos deben resolverse para exigir cumplimiento?",RAG_Base,Respuesta_RAG_Base,Jurista_2_IA,2,3,2,Calificación jurídica independiente sobre respuesta sustantiva disponible; escala ordinal 1-5.
43,¿Qué relevancia tiene la buena fe objetiva en la interpretación de un contrato civil cuando el texto admite más de una lectura razonable?,Agente_CoT_CoV,Respuesta_Agente_CoT_CoV,Jurista_2_IA,4,4,3,Calificación jurídica independiente sobre respuesta sustantiva disponible; escala ordinal 1-5.
43,¿Qué relevancia tiene la buena fe objetiva en la interpretación de un contrato civil cuando el texto admite más de una lectura razonable?,RAG_Base,Respuesta_RAG_Base,Jurista_2_IA,2,3,3,Calificación jurídica independiente sobre respuesta sustantiva disponible; escala ordinal 1-5.
44,¿Cómo se determina si una condición pactada depende exclusivamente de la voluntad de una de las partes y qué efectos tendría ello sobre la obligación?,Agente_CoT_CoV,Respuesta_Agente_CoT_CoV,Jurista_2_IA,4,4,3,Calificación jurídica independiente sobre respuesta sustantiva disponible; escala ordinal 1-5.
44,¿Cómo se determina si una condición pactada depende exclusivamente de la voluntad de una de las partes y qué efectos tendría ello sobre la obligación?,RAG_Base,Respuesta_RAG_Base,Jurista_2_IA,2,4,2,Calificación jurídica independiente sobre respuesta sustantiva disponible; escala ordinal 1-5.
45,"En un contrato de suministro civil atípico entre particulares, ¿qué criterios permiten integrar obligaciones no expresamente pactadas sobre calidad, oportunidad y cooperación?",Agente_CoT_CoV,Respuesta_Agente_CoT_CoV,Jurista_2_IA,4,4,4,Calificación jurídica independiente sobre respuesta sustantiva disponible; escala ordinal 1-5.
45,"En un contrato de suministro civil atípico entre particulares, ¿qué criterios permiten integrar obligaciones no expresamente pactadas sobre calidad, oportunidad y cooperación?",RAG_Base,Respuesta_RAG_Base,Jurista_2_IA,3,4,3,Calificación jurídica independiente sobre respuesta sustantiva disponible; escala ordinal 1-5.
46,¿Basta la simple desproporción económica para afirmar lesión enorme o se requieren elementos normativos adicionales según el tipo contractual?,Agente_CoT_CoV,Respuesta_Agente_CoT_CoV,Jurista_2_IA,4,4,3,Calificación jurídica independiente sobre respuesta sustantiva disponible; escala ordinal 1-5.
46,¿Basta la simple desproporción económica para afirmar lesión enorme o se requieren elementos normativos adicionales según el tipo contractual?,RAG_Base,Respuesta_RAG_Base,Jurista_2_IA,3,4,3,Calificación jurídica independiente sobre respuesta sustantiva disponible; escala ordinal 1-5.
47,¿Cómo debe examinarse la validez de una renuncia anticipada y general a reclamar perjuicios derivados del incumplimiento futuro de la contraparte?,Agente_CoT_CoV,Respuesta_Agente_CoT_CoV,Jurista_2_IA,4,4,3,Calificación jurídica independiente sobre respuesta sustantiva disponible; escala ordinal 1-5.
48,"En un contrato con cláusula compromisoria redactada de manera imprecisa, ¿qué criterios permiten establecer si las partes realmente excluyeron la jurisdicción ordinaria?",Agente_CoT_CoV,Respuesta_Agente_CoT_CoV,Jurista_2_IA,4,4,4,Calificación jurídica independiente sobre respuesta sustantiva disponible; escala ordinal 1-5.
49,"¿Cómo debe tratarse un error en la identificación del inmueble vendido cuando la nomenclatura es incorrecta, pero otros elementos del contrato permiten inferir el bien querido?",Agente_CoT_CoV,Respuesta_Agente_CoT_CoV,Jurista_2_IA,4,4,3,Calificación jurídica independiente sobre respuesta sustantiva disponible; escala ordinal 1-5.
49,"¿Cómo debe tratarse un error en la identificación del inmueble vendido cuando la nomenclatura es incorrecta, pero otros elementos del contrato permiten inferir el bien querido?",RAG_Base,Respuesta_RAG_Base,Jurista_2_IA,3,4,3,Calificación jurídica independiente sobre respuesta sustantiva disponible; escala ordinal 1-5.
50,"Si el contrato atribuye a una parte la facultad de interpretar unilateralmente sus propias cláusulas en caso de duda, ¿esa estipulación produce efectos jurídicos plenos?",Agente_CoT_CoV,Respuesta_Agente_CoT_CoV,Jurista_2_IA,5,4,4,Calificación jurídica independiente sobre respuesta sustantiva disponible; escala ordinal 1-5.
50,"Si el contrato atribuye a una parte la facultad de interpretar unilateralmente sus propias cláusulas en caso de duda, ¿esa estipulación produce efectos jurídicos plenos?",RAG_Base,Respuesta_RAG_Base,Jurista_2_IA,3,4,4,Calificación jurídica independiente sobre respuesta sustantiva disponible; escala ordinal 1-5.
51,¿Qué análisis procede cuando las partes suscriben un contrato simulado para ocultar una relación jurídica distinta y luego una de ellas pretende hacer valer el negocio aparente?,Agente_CoT_CoV,Respuesta_Agente_CoT_CoV,Jurista_2_IA,5,4,4,Calificación jurídica independiente sobre respuesta sustantiva disponible; escala ordinal 1-5.
51,¿Qué análisis procede cuando las partes suscriben un contrato simulado para ocultar una relación jurídica distinta y luego una de ellas pretende hacer valer el negocio aparente?,RAG_Base,Respuesta_RAG_Base,Jurista_2_IA,3,4,3,Calificación jurídica independiente sobre respuesta sustantiva disponible; escala ordinal 1-5.
52,"En un contrato de comodato, ¿cómo incide el uso distinto de la cosa prestada sobre la responsabilidad del comodatario por deterioro o pérdida?",Agente_CoT_CoV,Respuesta_Agente_CoT_CoV,Jurista_2_IA,4,4,2,Calificación jurídica independiente sobre respuesta sustantiva disponible; escala ordinal 1-5.
53,"¿Cómo se determina si una obligación es divisible o indivisible cuando la prestación principal admite fraccionamiento material, pero el interés del acreedor parece unitario?",Agente_CoT_CoV,Respuesta_Agente_CoT_CoV,Jurista_2_IA,4,4,4,Calificación jurídica independiente sobre respuesta sustantiva disponible; escala ordinal 1-5.
54,"Si un contrato prevé varias causales de terminación y una cláusula general de incumplimiento grave, ¿cómo se define si una conducta no listada permite resolver el vínculo?",Agente_CoT_CoV,Respuesta_Agente_CoT_CoV,Jurista_2_IA,4,4,3,Calificación jurídica independiente sobre respuesta sustantiva disponible; escala ordinal 1-5.
55,¿Qué efectos tiene sobre la exigibilidad de la obligación una cláusula que supedita el pago a la satisfacción subjetiva del acreedor respecto del resultado obtenido?,Agente_CoT_CoV,Respuesta_Agente_CoT_CoV,Jurista_2_IA,4,4,4,Calificación jurídica independiente sobre respuesta sustantiva disponible; escala ordinal 1-5.
56,"¿Cómo debe analizarse la validez de una obligación contractual cuyo objeto fue descrito de forma genérica, sin parámetros suficientes para individualizar la prestación?",Agente_CoT_CoV,Respuesta_Agente_CoT_CoV,Jurista_2_IA,4,3,3,Calificación jurídica independiente sobre respuesta sustantiva disponible; escala ordinal 1-5.
56,"¿Cómo debe analizarse la validez de una obligación contractual cuyo objeto fue descrito de forma genérica, sin parámetros suficientes para individualizar la prestación?",RAG_Base,Respuesta_RAG_Base,Jurista_2_IA,2,3,3,Calificación jurídica independiente sobre respuesta sustantiva disponible; escala ordinal 1-5.
57,"En un contrato bilateral, ¿qué condiciones deben concurrir para invocar válidamente la excepción de contrato no cumplido?",Agente_CoT_CoV,Respuesta_Agente_CoT_CoV,Jurista_2_IA,4,5,3,Calificación jurídica independiente sobre respuesta sustantiva disponible; escala ordinal 1-5.
57,"En un contrato bilateral, ¿qué condiciones deben concurrir para invocar válidamente la excepción de contrato no cumplido?",RAG_Base,Respuesta_RAG_Base,Jurista_2_IA,3,5,2,Calificación jurídica independiente sobre respuesta sustantiva disponible; escala ordinal 1-5.
58,¿Cómo se distingue entre imposibilidad sobreviniente y simple dificultad económica en el cumplimiento de una obligación contractual?,Agente_CoT_CoV,Respuesta_Agente_CoT_CoV,Jurista_2_IA,5,5,4,Calificación jurídica independiente sobre respuesta sustantiva disponible; escala ordinal 1-5.
58,¿Cómo se distingue entre imposibilidad sobreviniente y simple dificultad económica en el cumplimiento de una obligación contractual?,RAG_Base,Respuesta_RAG_Base,Jurista_2_IA,3,5,4,Calificación jurídica independiente sobre respuesta sustantiva disponible; escala ordinal 1-5.
59,"Si una parte alega fuerza mayor por hechos previsibles pero irresistibles, ¿qué examen jurídico debe hacerse para determinar si realmente se exonera de responsabilidad?",Agente_CoT_CoV,Respuesta_Agente_CoT_CoV,Jurista_2_IA,4,5,3,Calificación jurídica independiente sobre respuesta sustantiva disponible; escala ordinal 1-5.
59,"Si una parte alega fuerza mayor por hechos previsibles pero irresistibles, ¿qué examen jurídico debe hacerse para determinar si realmente se exonera de responsabilidad?",RAG_Base,Respuesta_RAG_Base,Jurista_2_IA,4,5,3,Calificación jurídica independiente sobre respuesta sustantiva disponible; escala ordinal 1-5.
60,"En un contrato civil de larga duración, ¿puede la alteración extraordinaria de circunstancias justificar adaptación o terminación, y bajo qué presupuestos argumentativos?",Agente_CoT_CoV,Respuesta_Agente_CoT_CoV,Jurista_2_IA,4,4,3,Calificación jurídica independiente sobre respuesta sustantiva disponible; escala ordinal 1-5.
60,"En un contrato civil de larga duración, ¿puede la alteración extraordinaria de circunstancias justificar adaptación o terminación, y bajo qué presupuestos argumentativos?",RAG_Base,Respuesta_RAG_Base,Jurista_2_IA,3,4,3,Calificación jurídica independiente sobre respuesta sustantiva disponible; escala ordinal 1-5.
61,"¿Qué valor tienen los borradores, minutas y comunicaciones precontractuales para interpretar una cláusula ambigua del contrato definitivo?",Agente_CoT_CoV,Respuesta_Agente_CoT_CoV,Jurista_2_IA,4,4,3,Calificación jurídica independiente sobre respuesta sustantiva disponible; escala ordinal 1-5.
62,"Si una cláusula indica que el incumplimiento será determinado “a juicio razonable” de una de las partes, ¿cómo se controla jurídicamente esa discrecionalidad?",Agente_CoT_CoV,Respuesta_Agente_CoT_CoV,Jurista_2_IA,3,3,3,Calificación jurídica independiente sobre respuesta sustantiva disponible; escala ordinal 1-5.
63,¿Cómo se articula la responsabilidad precontractual cuando una parte rompe negociaciones avanzadas luego de haber generado confianza legítima en la celebración del contrato?,Agente_CoT_CoV,Respuesta_Agente_CoT_CoV,Jurista_2_IA,4,4,3,Calificación jurídica independiente sobre respuesta sustantiva disponible; escala ordinal 1-5.
63,¿Cómo se articula la responsabilidad precontractual cuando una parte rompe negociaciones avanzadas luego de haber generado confianza legítima en la celebración del contrato?,RAG_Base,Respuesta_RAG_Base,Jurista_2_IA,3,4,2,Calificación jurídica independiente sobre respuesta sustantiva disponible; escala ordinal 1-5.
64,"En un contrato de transporte civil entre particulares, ¿qué criterios permiten imputar responsabilidad por pérdida parcial de la cosa transportada cuando hubo embalaje defectuoso del remitente?",Agente_CoT_CoV,Respuesta_Agente_CoT_CoV,Jurista_2_IA,4,4,3,Calificación jurídica independiente sobre respuesta sustantiva disponible; escala ordinal 1-5.
64,"En un contrato de transporte civil entre particulares, ¿qué criterios permiten imputar responsabilidad por pérdida parcial de la cosa transportada cuando hubo embalaje defectuoso del remitente?",RAG_Base,Respuesta_RAG_Base,Jurista_2_IA,2,4,2,Calificación jurídica independiente sobre respuesta sustantiva disponible; escala ordinal 1-5.
65,¿Qué efectos genera la cesión de un crédito litigioso cuando el deudor no fue oportunamente notificado y paga al acreedor original?,Agente_CoT_CoV,Respuesta_Agente_CoT_CoV,Jurista_2_IA,4,5,3,Calificación jurídica independiente sobre respuesta sustantiva disponible; escala ordinal 1-5.
65,¿Qué efectos genera la cesión de un crédito litigioso cuando el deudor no fue oportunamente notificado y paga al acreedor original?,RAG_Base,Respuesta_RAG_Base,Jurista_2_IA,3,5,2,Calificación jurídica independiente sobre respuesta sustantiva disponible; escala ordinal 1-5.
66,¿Cómo debe analizarse una cesión de posición contractual cuando el contrato base guarda silencio sobre su posibilidad?,Agente_CoT_CoV,Respuesta_Agente_CoT_CoV,Jurista_2_IA,4,3,3,Calificación jurídica independiente sobre respuesta sustantiva disponible; escala ordinal 1-5.
67,"Si un contrato de arras no aclara si estas son confirmatorias, penitenciales o penales, ¿qué criterios permiten calificar su naturaleza jurídica?",Agente_CoT_CoV,Respuesta_Agente_CoT_CoV,Jurista_2_IA,3,3,3,Calificación jurídica independiente sobre respuesta sustantiva disponible; escala ordinal 1-5.
68,¿Cómo se evalúa la eficacia de una cláusula de renovación automática cuando no establece mecanismo claro de oposición ni plazo razonable para manifestarla?,Agente_CoT_CoV,Respuesta_Agente_CoT_CoV,Jurista_2_IA,4,3,4,Calificación jurídica independiente sobre respuesta sustantiva disponible; escala ordinal 1-5.
69,"En un contrato de sociedad civil irregular, ¿qué problemas jurídicos surgen para determinar aportes, distribución de utilidades y responsabilidad entre asociados?",Agente_CoT_CoV,Respuesta_Agente_CoT_CoV,Jurista_2_IA,4,4,4,Calificación jurídica independiente sobre respuesta sustantiva disponible; escala ordinal 1-5.
70,¿Cuándo la aceptación tardía de una oferta puede entenderse como nueva oferta y no como perfeccionamiento del contrato originalmente propuesto?,Agente_CoT_CoV,Respuesta_Agente_CoT_CoV,Jurista_2_IA,4,4,3,Calificación jurídica independiente sobre respuesta sustantiva disponible; escala ordinal 1-5.
71,"Si una parte envía aceptación con modificaciones menores, ¿cómo se determina si hubo contraoferta o consentimiento suficiente sobre lo esencial?",Agente_CoT_CoV,Respuesta_Agente_CoT_CoV,Jurista_2_IA,4,4,4,Calificación jurídica independiente sobre respuesta sustantiva disponible; escala ordinal 1-5.
72,¿Cómo se interpreta una cláusula que obliga a “hacer los mejores esfuerzos” sin definir indicadores objetivos de diligencia?,Agente_CoT_CoV,Respuesta_Agente_CoT_CoV,Jurista_2_IA,4,4,3,Calificación jurídica independiente sobre respuesta sustantiva disponible; escala ordinal 1-5.
72,¿Cómo se interpreta una cláusula que obliga a “hacer los mejores esfuerzos” sin definir indicadores objetivos de diligencia?,RAG_Base,Respuesta_RAG_Base,Jurista_2_IA,3,4,2,Calificación jurídica independiente sobre respuesta sustantiva disponible; escala ordinal 1-5.
73,"En un contrato de corretaje, ¿cuándo nace el derecho del corredor a remuneración si su intervención fue indirecta o solo facilitó acercamientos preliminares?",Agente_CoT_CoV,Respuesta_Agente_CoT_CoV,Jurista_2_IA,3,4,2,Calificación jurídica independiente sobre respuesta sustantiva disponible; escala ordinal 1-5.
74,¿Qué relevancia tiene la costumbre para integrar un contrato civil cuando el texto contractual es incompleto y las partes pertenecen a un sector con prácticas uniformes?,Agente_CoT_CoV,Respuesta_Agente_CoT_CoV,Jurista_2_IA,4,4,3,Calificación jurídica independiente sobre respuesta sustantiva disponible; escala ordinal 1-5.
74,¿Qué relevancia tiene la costumbre para integrar un contrato civil cuando el texto contractual es incompleto y las partes pertenecen a un sector con prácticas uniformes?,RAG_Base,Respuesta_RAG_Base,Jurista_2_IA,3,4,2,Calificación jurídica independiente sobre respuesta sustantiva disponible; escala ordinal 1-5.
75,¿Cómo debe resolverse un conflicto entre la literalidad de una cláusula de garantía y las manifestaciones previas del vendedor sobre la aptitud específica del bien?,Agente_CoT_CoV,Respuesta_Agente_CoT_CoV,Jurista_2_IA,4,3,4,Calificación jurídica independiente sobre respuesta sustantiva disponible; escala ordinal 1-5.
75,¿Cómo debe resolverse un conflicto entre la literalidad de una cláusula de garantía y las manifestaciones previas del vendedor sobre la aptitud específica del bien?,RAG_Base,Respuesta_RAG_Base,Jurista_2_IA,2,3,1,Calificación jurídica independiente sobre respuesta sustantiva disponible; escala ordinal 1-5.
76,"Si un contrato contiene una condición resolutoria expresa, ¿basta la ocurrencia objetiva del supuesto pactado o se requiere declaración adicional para extinguir el vínculo?",Agente_CoT_CoV,Respuesta_Agente_CoT_CoV,Jurista_2_IA,4,4,3,Calificación jurídica independiente sobre respuesta sustantiva disponible; escala ordinal 1-5.
77,¿Qué consecuencias tiene que una parte invoque la nulidad relativa de un contrato después de haber ejecutado voluntariamente prestaciones compatibles con su validez?,Agente_CoT_CoV,Respuesta_Agente_CoT_CoV,Jurista_2_IA,3,4,2,Calificación jurídica independiente sobre respuesta sustantiva disponible; escala ordinal 1-5.
78,¿Cómo se analiza la ratificación tácita de un negocio anulable y qué conductas permiten inferirla con suficiente certeza?,Agente_CoT_CoV,Respuesta_Agente_CoT_CoV,Jurista_2_IA,4,4,3,Calificación jurídica independiente sobre respuesta sustantiva disponible; escala ordinal 1-5.
79,"En un contrato de transacción, ¿hasta dónde llega el efecto de cosa juzgada contractual respecto de controversias no mencionadas expresamente pero conectadas con el mismo conflicto?",Agente_CoT_CoV,Respuesta_Agente_CoT_CoV,Jurista_2_IA,4,4,3,Calificación jurídica independiente sobre respuesta sustantiva disponible; escala ordinal 1-5.
80,¿Qué límites jurídicos enfrenta una cláusula que prohíbe de forma absoluta cualquier compensación entre créditos recíprocos?,Agente_CoT_CoV,Respuesta_Agente_CoT_CoV,Jurista_2_IA,4,2,3,Calificación jurídica independiente sobre respuesta sustantiva disponible; escala ordinal 1-5.
81,"Si el acreedor concede prórrogas sucesivas sin reserva expresa de derechos, ¿puede luego alegar mora desde el primer vencimiento?",Agente_CoT_CoV,Respuesta_Agente_CoT_CoV,Jurista_2_IA,4,4,3,Calificación jurídica independiente sobre respuesta sustantiva disponible; escala ordinal 1-5.
82,"¿Cómo debe calificarse la conducta del deudor que ofrece cumplimiento parcial útil, pero no íntegro, frente a la facultad del acreedor de rechazarlo?",Agente_CoT_CoV,Respuesta_Agente_CoT_CoV,Jurista_2_IA,4,4,3,Calificación jurídica independiente sobre respuesta sustantiva disponible; escala ordinal 1-5.
82,"¿Cómo debe calificarse la conducta del deudor que ofrece cumplimiento parcial útil, pero no íntegro, frente a la facultad del acreedor de rechazarlo?",RAG_Base,Respuesta_RAG_Base,Jurista_2_IA,3,4,2,Calificación jurídica independiente sobre respuesta sustantiva disponible; escala ordinal 1-5.
83,"En un contrato con obligación alternativa, ¿qué efectos produce la pérdida de una de las prestaciones por culpa del deudor antes de la elección?",Agente_CoT_CoV,Respuesta_Agente_CoT_CoV,Jurista_2_IA,3,4,2,Calificación jurídica independiente sobre respuesta sustantiva disponible; escala ordinal 1-5.
84,¿Cómo debe examinarse una novación alegada por una de las partes cuando el nuevo acuerdo no manifiesta claramente voluntad de extinguir la obligación anterior?,Agente_CoT_CoV,Respuesta_Agente_CoT_CoV,Jurista_2_IA,3,3,3,Calificación jurídica independiente sobre respuesta sustantiva disponible; escala ordinal 1-5.
84,¿Cómo debe examinarse una novación alegada por una de las partes cuando el nuevo acuerdo no manifiesta claramente voluntad de extinguir la obligación anterior?,RAG_Base,Respuesta_RAG_Base,Jurista_2_IA,2,3,2,Calificación jurídica independiente sobre respuesta sustantiva disponible; escala ordinal 1-5.
85,"Si una parte paga una deuda contractual con un bien distinto al pactado y la otra lo recibe sin objeciones inmediatas, ¿puede configurarse dación en pago tácita?",Agente_CoT_CoV,Respuesta_Agente_CoT_CoV,Jurista_2_IA,4,4,3,Calificación jurídica independiente sobre respuesta sustantiva disponible; escala ordinal 1-5.
86,¿Qué análisis corresponde cuando un tercero paga la deuda contractual sin conocimiento del deudor y luego pretende subrogarse en los derechos del acreedor?,Agente_CoT_CoV,Respuesta_Agente_CoT_CoV,Jurista_2_IA,4,5,3,Calificación jurídica independiente sobre respuesta sustantiva disponible; escala ordinal 1-5.
86,¿Qué análisis corresponde cuando un tercero paga la deuda contractual sin conocimiento del deudor y luego pretende subrogarse en los derechos del acreedor?,RAG_Base,Respuesta_RAG_Base,Jurista_2_IA,4,5,2,Calificación jurídica independiente sobre respuesta sustantiva disponible; escala ordinal 1-5.
87,"¿Cómo se distingue jurídicamente entre cesión de crédito, subrogación y delegación de pago cuando las partes usan terminología incorrecta en el documento?",Agente_CoT_CoV,Respuesta_Agente_CoT_CoV,Jurista_2_IA,5,4,4,Calificación jurídica independiente sobre respuesta sustantiva disponible; escala ordinal 1-5.
87,"¿Cómo se distingue jurídicamente entre cesión de crédito, subrogación y delegación de pago cuando las partes usan terminología incorrecta en el documento?",RAG_Base,Respuesta_RAG_Base,Jurista_2_IA,3,4,4,Calificación jurídica independiente sobre respuesta sustantiva disponible; escala ordinal 1-5.
88,"En un contrato de seguro de hecho civil atípico entre particulares, ¿qué elementos mínimos permitirían reconocer un esquema obligacional análogo o, por el contrario, negar su configuración?",Agente_CoT_CoV,Respuesta_Agente_CoT_CoV,Jurista_2_IA,4,4,4,Calificación jurídica independiente sobre respuesta sustantiva disponible; escala ordinal 1-5.
88,"En un contrato de seguro de hecho civil atípico entre particulares, ¿qué elementos mínimos permitirían reconocer un esquema obligacional análogo o, por el contrario, negar su configuración?",RAG_Base,Respuesta_RAG_Base,Jurista_2_IA,3,4,3,Calificación jurídica independiente sobre respuesta sustantiva disponible; escala ordinal 1-5.
89,¿Cómo debe tratarse la contradicción entre el cuerpo del contrato y un acta posterior de ejecución firmada por las mismas partes?,Agente_CoT_CoV,Respuesta_Agente_CoT_CoV,Jurista_2_IA,3,3,2,Calificación jurídica independiente sobre respuesta sustantiva disponible; escala ordinal 1-5.
89,¿Cómo debe tratarse la contradicción entre el cuerpo del contrato y un acta posterior de ejecución firmada por las mismas partes?,RAG_Base,Respuesta_RAG_Base,Jurista_2_IA,2,3,2,Calificación jurídica independiente sobre respuesta sustantiva disponible; escala ordinal 1-5.
90,"Si una parte alega que firmó bajo estado de necesidad económica extrema, ¿qué examen debe hacerse para diferenciar simple presión económica de vicio del consentimiento?",Agente_CoT_CoV,Respuesta_Agente_CoT_CoV,Jurista_2_IA,4,4,4,Calificación jurídica independiente sobre respuesta sustantiva disponible; escala ordinal 1-5.
91,¿Qué alcance tiene el deber de información en contratos civiles entre particulares cuando una parte conoce defectos ocultos relevantes del objeto negociado?,Agente_CoT_CoV,Respuesta_Agente_CoT_CoV,Jurista_2_IA,4,4,4,Calificación jurídica independiente sobre respuesta sustantiva disponible; escala ordinal 1-5.
91,¿Qué alcance tiene el deber de información en contratos civiles entre particulares cuando una parte conoce defectos ocultos relevantes del objeto negociado?,RAG_Base,Respuesta_RAG_Base,Jurista_2_IA,3,4,3,Calificación jurídica independiente sobre respuesta sustantiva disponible; escala ordinal 1-5.
92,¿Cómo se articula la garantía por vicios ocultos con cláusulas contractuales de aceptación del bien “en el estado en que se encuentra”?,Agente_CoT_CoV,Respuesta_Agente_CoT_CoV,Jurista_2_IA,4,4,2,Calificación jurídica independiente sobre respuesta sustantiva disponible; escala ordinal 1-5.
93,"En la venta de un inmueble con cabida inferior a la anunciada, ¿qué factores determinan si procede rebaja del precio, resolución u otra consecuencia?",Agente_CoT_CoV,Respuesta_Agente_CoT_CoV,Jurista_2_IA,4,5,3,Calificación jurídica independiente sobre respuesta sustantiva disponible; escala ordinal 1-5.
94,¿Qué criterios permiten atribuir carácter esencial a una obligación accesoria a efectos de resolver el contrato por su incumplimiento?,Agente_CoT_CoV,Respuesta_Agente_CoT_CoV,Jurista_2_IA,3,3,3,Calificación jurídica independiente sobre respuesta sustantiva disponible; escala ordinal 1-5.
94,¿Qué criterios permiten atribuir carácter esencial a una obligación accesoria a efectos de resolver el contrato por su incumplimiento?,RAG_Base,Respuesta_RAG_Base,Jurista_2_IA,2,3,2,Calificación jurídica independiente sobre respuesta sustantiva disponible; escala ordinal 1-5.
95,¿Cómo debe analizarse la responsabilidad de varios codeudores cuando el contrato guarda silencio sobre distribución interna de cargas y uno de ellos paga la totalidad?,Agente_CoT_CoV,Respuesta_Agente_CoT_CoV,Jurista_2_IA,4,4,3,Calificación jurídica independiente sobre respuesta sustantiva disponible; escala ordinal 1-5.
96,"Si una cláusula fija un plazo “fatal” para cumplir, pero la conducta del acreedor muestra tolerancia posterior, ¿se entiende renunciado el rigor del término?",Agente_CoT_CoV,Respuesta_Agente_CoT_CoV,Jurista_2_IA,3,3,3,Calificación jurídica independiente sobre respuesta sustantiva disponible; escala ordinal 1-5.
97,"¿Cómo se determina si un contrato innominado debe regirse principalmente por la voluntad de las partes, por analogía legal o por principios generales?",Agente_CoT_CoV,Respuesta_Agente_CoT_CoV,Jurista_2_IA,4,4,3,Calificación jurídica independiente sobre respuesta sustantiva disponible; escala ordinal 1-5.
97,"¿Cómo se determina si un contrato innominado debe regirse principalmente por la voluntad de las partes, por analogía legal o por principios generales?",RAG_Base,Respuesta_RAG_Base,Jurista_2_IA,3,4,3,Calificación jurídica independiente sobre respuesta sustantiva disponible; escala ordinal 1-5.
98,"En un contrato con prestaciones periódicas, ¿el incumplimiento de una cuota habilita automáticamente la terminación total del contrato o depende de la gravedad del incumplimiento?",Agente_CoT_CoV,Respuesta_Agente_CoT_CoV,Jurista_2_IA,4,5,3,Calificación jurídica independiente sobre respuesta sustantiva disponible; escala ordinal 1-5.
98,"En un contrato con prestaciones periódicas, ¿el incumplimiento de una cuota habilita automáticamente la terminación total del contrato o depende de la gravedad del incumplimiento?",RAG_Base,Respuesta_RAG_Base,Jurista_2_IA,3,5,2,Calificación jurídica independiente sobre respuesta sustantiva disponible; escala ordinal 1-5.
99,"¿Qué efectos produce la pérdida del documento original del contrato cuando existen copias, correos y actos de ejecución concordantes sobre su existencia?",Agente_CoT_CoV,Respuesta_Agente_CoT_CoV,Jurista_2_IA,4,4,3,Calificación jurídica independiente sobre respuesta sustantiva disponible; escala ordinal 1-5.
100,"¿Cómo debe valorarse una cláusula que obliga a una parte a renunciar anticipadamente a excepciones, defensas o medios probatorios futuros?",Agente_CoT_CoV,Respuesta_Agente_CoT_CoV,Jurista_2_IA,3,3,3,Calificación jurídica independiente sobre respuesta sustantiva disponible; escala ordinal 1-5.
101,"En un acuerdo de confidencialidad previo al contrato principal, ¿qué ocurre si el contrato definitivo nada dice sobre esa obligación y luego surge disputa por divulgación de información?",Agente_CoT_CoV,Respuesta_Agente_CoT_CoV,Jurista_2_IA,4,4,3,Calificación jurídica independiente sobre respuesta sustantiva disponible; escala ordinal 1-5.
102,¿Cómo se resuelve la concurrencia entre responsabilidad contractual y extracontractual cuando el mismo hecho lesivo deriva de la ejecución defectuosa del contrato?,Agente_CoT_CoV,Respuesta_Agente_CoT_CoV,Jurista_2_IA,4,3,4,Calificación jurídica independiente sobre respuesta sustantiva disponible; escala ordinal 1-5.
103,"Si una parte incumple un deber secundario de colaboración y ello impide el cumplimiento de la otra, ¿cómo se distribuyen jurídicamente las consecuencias del incumplimiento?",Agente_CoT_CoV,Respuesta_Agente_CoT_CoV,Jurista_2_IA,4,4,4,Calificación jurídica independiente sobre respuesta sustantiva disponible; escala ordinal 1-5.
104,¿Qué análisis exige la validez de una cláusula de indemnización predeterminada cuando su cuantía parece desligada del daño razonablemente previsible?,Agente_CoT_CoV,Respuesta_Agente_CoT_CoV,Jurista_2_IA,4,4,3,Calificación jurídica independiente sobre respuesta sustantiva disponible; escala ordinal 1-5.
105,"¿Cómo deben interpretarse las expresiones “a la mayor brevedad”, “oportunamente” o “tan pronto como sea posible” en obligaciones contractuales cuyo tiempo de cumplimiento es controvertido?",Agente_CoT_CoV,Respuesta_Agente_CoT_CoV,Jurista_2_IA,3,4,2,Calificación jurídica independiente sobre respuesta sustantiva disponible; escala ordinal 1-5.
106,"En un contrato de permuta, ¿qué diferencias analíticas surgen frente a la compraventa para evaluar saneamiento, riesgo y prestaciones equivalentes?",Agente_CoT_CoV,Respuesta_Agente_CoT_CoV,Jurista_2_IA,3,4,2,Calificación jurídica independiente sobre respuesta sustantiva disponible; escala ordinal 1-5.
107,¿Qué efectos tiene la imposibilidad parcial sobreviniente en contratos sinalagmáticos cuando la prestación restante conserva utilidad para el acreedor?,Agente_CoT_CoV,Respuesta_Agente_CoT_CoV,Jurista_2_IA,2,4,1,Calificación jurídica independiente sobre respuesta sustantiva disponible; escala ordinal 1-5.
108,"¿Cómo debe calificarse el incumplimiento cuando el deudor ejecuta exactamente lo pactado, pero de manera contraria a la finalidad práctica conocida por ambas partes?",Agente_CoT_CoV,Respuesta_Agente_CoT_CoV,Jurista_2_IA,4,4,3,Calificación jurídica independiente sobre respuesta sustantiva disponible; escala ordinal 1-5.
108,"¿Cómo debe calificarse el incumplimiento cuando el deudor ejecuta exactamente lo pactado, pero de manera contraria a la finalidad práctica conocida por ambas partes?",RAG_Base,Respuesta_RAG_Base,Jurista_2_IA,3,4,3,Calificación jurídica independiente sobre respuesta sustantiva disponible; escala ordinal 1-5.
109,"Si un contrato fue firmado en blanco y luego completado por una de las partes, ¿qué hechos y reglas son decisivos para determinar abuso del llenado o conformidad tácita?",Agente_CoT_CoV,Respuesta_Agente_CoT_CoV,Jurista_2_IA,4,3,4,Calificación jurídica independiente sobre respuesta sustantiva disponible; escala ordinal 1-5.
110,¿Cómo se analiza la prueba del consentimiento en contratos celebrados mediante mensajes instantáneos cuando no existe firma manuscrita ni firma digital certificada?,Agente_CoT_CoV,Respuesta_Agente_CoT_CoV,Jurista_2_IA,4,4,4,Calificación jurídica independiente sobre respuesta sustantiva disponible; escala ordinal 1-5.
110,¿Cómo se analiza la prueba del consentimiento en contratos celebrados mediante mensajes instantáneos cuando no existe firma manuscrita ni firma digital certificada?,RAG_Base,Respuesta_RAG_Base,Jurista_2_IA,3,4,3,Calificación jurídica independiente sobre respuesta sustantiva disponible; escala ordinal 1-5.
111,¿Qué criterios permiten imputar a una parte el conocimiento de anexos o reglamentos externos mencionados por referencia en el contrato principal?,Agente_CoT_CoV,Respuesta_Agente_CoT_CoV,Jurista_2_IA,4,4,3,Calificación jurídica independiente sobre respuesta sustantiva disponible; escala ordinal 1-5.
111,¿Qué criterios permiten imputar a una parte el conocimiento de anexos o reglamentos externos mencionados por referencia en el contrato principal?,RAG_Base,Respuesta_RAG_Base,Jurista_2_IA,3,4,2,Calificación jurídica independiente sobre respuesta sustantiva disponible; escala ordinal 1-5.
112,"En un contrato de opción, ¿qué requisitos permiten diferenciar una verdadera opción irrevocable de una simple invitación a contratar futura?",Agente_CoT_CoV,Respuesta_Agente_CoT_CoV,Jurista_2_IA,3,4,2,Calificación jurídica independiente sobre respuesta sustantiva disponible; escala ordinal 1-5.
113,¿Cómo se determina si la entrega anticipada de un bien antes del perfeccionamiento formal del contrato configura mera tenencia provisional o ejecución anticipada del negocio?,Agente_CoT_CoV,Respuesta_Agente_CoT_CoV,Jurista_2_IA,4,4,4,Calificación jurídica independiente sobre respuesta sustantiva disponible; escala ordinal 1-5.
115,¿Qué tratamiento jurídico merece una cláusula que impone al deudor la carga de probar su ausencia de culpa en cualquier supuesto de incumplimiento?,Agente_CoT_CoV,Respuesta_Agente_CoT_CoV,Jurista_2_IA,4,4,3,Calificación jurídica independiente sobre respuesta sustantiva disponible; escala ordinal 1-5.
116,¿Cómo debe analizarse la compatibilidad entre cláusula penal y reclamación adicional de perjuicios cuando el contrato no regula expresamente su relación?,Agente_CoT_CoV,Respuesta_Agente_CoT_CoV,Jurista_2_IA,4,5,3,Calificación jurídica independiente sobre respuesta sustantiva disponible; escala ordinal 1-5.
116,¿Cómo debe analizarse la compatibilidad entre cláusula penal y reclamación adicional de perjuicios cuando el contrato no regula expresamente su relación?,RAG_Base,Respuesta_RAG_Base,Jurista_2_IA,3,5,3,Calificación jurídica independiente sobre respuesta sustantiva disponible; escala ordinal 1-5.
117,"En un contrato civil de colaboración, ¿qué criterios permiten distinguir subordinación, coordinación y autonomía para determinar la naturaleza de las obligaciones asumidas?",Agente_CoT_CoV,Respuesta_Agente_CoT_CoV,Jurista_2_IA,4,4,3,Calificación jurídica independiente sobre respuesta sustantiva disponible; escala ordinal 1-5.
117,"En un contrato civil de colaboración, ¿qué criterios permiten distinguir subordinación, coordinación y autonomía para determinar la naturaleza de las obligaciones asumidas?",RAG_Base,Respuesta_RAG_Base,Jurista_2_IA,3,4,3,Calificación jurídica independiente sobre respuesta sustantiva disponible; escala ordinal 1-5.
118,¿Qué problemas jurídicos plantea la interpretación de un contrato redactado con términos contradictorios en distintas versiones idiomáticas igualmente firmadas por las partes?,Agente_CoT_CoV,Respuesta_Agente_CoT_CoV,Jurista_2_IA,3,3,3,Calificación jurídica independiente sobre respuesta sustantiva disponible; escala ordinal 1-5.
120,"En una controversia contractual compleja, ¿qué metodología debería seguir un modelo para justificar cada afirmación con fuente normativa o documental verificable y evitar alucinaciones de autoridad, contaminación jurisdiccional o falsedad lógica?",Agente_CoT_CoV,Respuesta_Agente_CoT_CoV,Jurista_2_IA,4,4,4,Calificación jurídica independiente sobre respuesta sustantiva disponible; escala ordinal 1-5.
120,"En una controversia contractual compleja, ¿qué metodología debería seguir un modelo para justificar cada afirmación con fuente normativa o documental verificable y evitar alucinaciones de autoridad, contaminación jurisdiccional o falsedad lógica?",RAG_Base,Respuesta_RAG_Base,Jurista_2_IA,2,4,4,Calificación jurídica independiente sobre respuesta sustantiva disponible; escala ordinal 1-5.
